SchoolYear,ESD,CountyNumber,County,CountyDistrictNumber,District,TotalEnrollment,NumberAmericanIndianorAlaskanNative,PercentAmericanIndianorAlaskanNative,NumberAsian,PercentAsian,NumberPacificIslander,PercentPacificIslander,NumberAsianPacificIslander,PercentAsianPacificIslander,NumberBlack,PercentBlack,NumberHispanic,PercentHispanic,NumberWhite,PercentWhite,NumberTwoOrMoreRaces,PercentTwoOrMoreRaces,NumberMales,PercentMales,NumberFemales,PercentFemales,NumberMigrant,PercentMigrant,NumberTransitionalBilingual,PercentTransitionalBilingual,NumberSpecialEducation,PercentSpecialEducation,NumberFreeorReducedPricedMeals,PercentFreeorReducedPricedMeals,NumberSection504,PercentSection504,NumberFosterCare,PercentFosterCare,StudentsPerClassroomTeacher,AvgYearsEducationalExperience,NumberTeachersWithAtLeastMasterDegree,PercentTeachersWithAtLeastMasterDegree
2016-17,Capital Region ESD 113,14,Grays Harbor,14005,Aberdeen School District,3378,122,3.61,68,2.01,9,0.27,77,2.28,33,0.98,1063,31.47,1866,55.24,217,6.42,1705,50.47,1673,49.53,76,2.23,441,12.91,616,18.04,2251,65.92,73,2.14,73,2.14,15,14.4,150,66.96
2016-17,Capital Region ESD 113,21,Lewis,21226,Adna School District,645,6,0.93,4,0.62,0,0,4,0.62,3,0.47,44,6.82,574,88.99,14,2.17,341,52.87,304,47.13,0,0,0,0,63,9.8,156,24.26,14,2.18,N<10,,17,15.5,28,75.68
2016-17,Educational Service District 101,22,Lincoln,22017,Almira School District,109,0,0,0,0,0,0,0,0,1,0.92,7,6.42,98,89.91,3,2.75,49,44.95,60,55.05,0,0,0,0,12,10.81,39,35.14,1,0.9,N<10,,9,20.5,11,91.67
2016-17,Northwest Educational Service District 189,29,Skagit,29103,Anacortes School District,2825,22,0.78,98,3.47,4,0.14,102,3.61,28,0.99,290,10.27,2311,81.81,72,2.55,1440,50.97,1385,49.03,9,0.32,67,2.38,313,11.13,738,26.24,104,3.7,18,0.64,18,15,121,79.08
2016-17,Northwest Educational Service District 189,31,Snohomish,31016,Arlington School District,5527,62,1.12,80,1.45,18,0.33,98,1.77,52,0.94,725,13.12,4252,76.93,338,6.12,2875,52.02,2652,47.98,41,0.74,232,4.16,719,12.9,1750,31.40,165,2.96,64,1.15,19,14.6,215,72.88
2016-17,Educational Service District 123,02,Asotin,02420,Asotin-Anatone School District,665,4,0.6,7,1.05,0,0,7,1.05,1,0.15,39,5.86,578,86.92,36,5.41,328,49.32,337,50.68,0,0,0,0,81,12.39,185,28.29,12,1.83,N<10,,17,14.2,25,64.1
2016-17,Puget Sound Educational Service District 121,17,King,17408,Auburn School District,16134,211,1.31,1366,8.47,575,3.56,1941,12.03,1168,7.24,4601,28.52,6649,41.21,1564,9.69,8203,50.84,7931,49.16,22,0.14,2936,18.14,1959,12.11,8436,52.13,382,2.36,108,0.67,17,13.8,634,67.3
2016-17,Puget Sound Educational Service District 121,18,Kitsap,18303,Bainbridge Island School District,3883,21,0.54,124,3.19,3,0.08,127,3.27,20,0.52,289,7.44,3101,79.86,325,8.37,2028,52.23,1855,47.77,0,0,42,1.08,490,12.6,265,6.82,278,7.15,N<10,,16,14.5,193,80.75
2016-17,Educational Service District 112,06,Clark,06119,Battle Ground School District,13452,45,0.33,287,2.13,50,0.37,337,2.51,80,0.59,1184,8.8,11159,82.95,647,4.81,6947,51.64,6505,48.36,7,0.05,830,6.15,1839,13.62,4289,31.78,395,2.93,97,0.72,17,13.4,573,71.63
2016-17,Puget Sound Educational Service District 121,17,King,17405,Bellevue School District,20431,19,0.09,7747,37.92,41,0.2,7788,38.12,541,2.65,2390,11.7,7831,38.33,1862,9.11,10715,52.44,9716,47.56,4,0.02,2855,13.95,1778,8.69,3605,17.62,998,4.88,41,0.2,13,10.8,1107,72.45
2016-17,Northwest Educational Service District 189,37,Whatcom,37501,Bellingham School District,11548,116,1,662,5.73,41,0.36,703,6.09,199,1.72,1813,15.7,7854,68.01,863,7.47,6008,52.03,5540,47.97,114,0.98,775,6.65,1583,13.58,4116,35.32,680,5.83,111,0.95,17,13.7,464,67.94
2016-17,Educational Service District 101,01,Adams,01122,Benge School District,13,0,0,0,0,0,0,0,0,0,0,0,0,13,100,0,0,8,61.54,5,38.46,0,0,0,0,1,7.69,0,0.00,0,0,N<10,,7,22.9,1,50
2016-17,Puget Sound Educational Service District 121,27,Pierce,27403,Bethel School District,19102,232,1.21,812,4.25,669,3.5,1481,7.75,1459,7.64,3186,16.68,10641,55.71,2103,11.01,9948,52.08,9154,47.92,6,0.03,725,3.75,2713,14.04,9368,48.47,504,2.61,236,1.22,19,12.7,637,62.76
2016-17,Educational Service District 105,20,Klickitat,20203,Bickleton School District,95,0,0,0,0,0,0,0,0,0,0,35,36.84,58,61.05,2,2.11,51,53.68,44,46.32,5,5.26,0,0,9,9.47,11,11.58,1,1.05,N<10,,8,14.7,8,66.67
2016-17,Northwest Educational Service District 189,37,Whatcom,37503,Blaine School District,2252,24,1.07,77,3.42,18,0.8,95,4.22,38,1.69,280,12.43,1682,74.69,133,5.91,1182,52.49,1070,47.51,16,0.7,93,4.08,388,17,1079,47.28,130,5.7,28,1.23,18,15.3,86,67.19
2016-17,Capital Region ESD 113,21,Lewis,21234,Boistfort School District,102,3,2.94,0,0,1,0.98,1,0.98,0,0,14,13.73,82,80.39,2,1.96,62,60.78,40,39.22,0,0,2,1.98,31,30.69,56,55.45,0,0,N<10,,17,9.6,3,50
2016-17,Olympic Educational Service District 114,18,Kitsap,18100,Bremerton School District,5073,46,0.91,190,3.75,83,1.64,273,5.38,295,5.82,988,19.48,2676,52.75,795,15.67,2679,52.81,2394,47.19,52,1.03,286,5.64,900,17.74,3042,59.98,253,4.99,93,1.83,15,13.1,188,54.65
2016-17,North Central Educational Service District 171,24,Okanogan,24111,Brewster School District,959,5,0.52,1,0.1,0,0,1,0.1,1,0.1,868,90.51,79,8.24,5,0.52,518,54.01,441,45.99,132,13.95,428,45.24,130,13.74,889,93.97,17,1.8,10,1.06,15,12.5,38,57.58
2016-17,North Central Educational Service District 171,09,Douglas,09075,Bridgeport School District,864,3,0.35,2,0.23,2,0.23,4,0.46,1,0.12,794,91.9,57,6.6,5,0.58,433,50.12,431,49.88,134,15.28,429,48.92,98,11.17,780,88.94,23,2.62,N<10,,15,11.9,29,49.15
2016-17,Olympic Educational Service District 114,16,Jefferson,16046,Brinnon School District,57,2,3.51,0,0,2,3.51,2,3.51,2,3.51,5,8.77,44,77.19,2,3.51,36,63.16,21,36.84,0,0,0,0,14,22.58,55,88.71,0,0,N<10,,11,12.1,3,60
2016-17,Northwest Educational Service District 189,29,Skagit,29100,Burlington-Edison School District,3759,28,0.74,71,1.89,9,0.24,80,2.13,30,0.8,1548,41.18,1930,51.34,130,3.46,1960,52.14,1799,47.86,122,3.28,765,20.55,546,14.67,1826,49.05,39,1.05,17,0.46,17,13.4,133,60.73
2016-17,Educational Service District 112,06,Clark,06117,Camas School District,7096,28,0.39,489,6.89,19,0.27,508,7.16,61,0.86,593,8.36,5334,75.17,572,8.06,3608,50.85,3488,49.15,0,0,211,2.99,827,11.71,986,13.96,364,5.15,29,0.41,18,13.2,337,83.42
2016-17,Olympic Educational Service District 114,05,Clallam,05401,Cape Flattery School District,496,234,47.18,0,0,0,0,0,0,0,0,91,18.35,69,13.91,102,20.56,238,47.98,258,52.02,1,0.2,1,0.2,72,14.37,354,70.66,28,5.59,23,4.59,13,13.5,28,73.68
2016-17,Puget Sound Educational Service District 121,27,Pierce,27019,Carbonado School District,175,0,0,0,0,0,0,0,0,0,0,6,3.43,163,93.14,6,3.43,92,52.57,83,47.43,0,0,0,0,23,12.64,50,27.47,0,0,N<10,,13,15.9,10,76.92
2016-17,North Central Educational Service District 171,04,Chelan,04228,Cascade School District,1310,7,0.53,7,0.53,0,0,7,0.53,6,0.46,379,28.93,888,67.79,23,1.76,649,49.54,661,50.46,76,5.74,185,13.97,146,11.03,538,40.63,38,2.87,N<10,,16,13.7,41,50
2016-17,North Central Educational Service District 171,04,Chelan,04222,CASHMERE SCHOOL DISTRICT,1611,5,0.31,10,0.62,0,0,10,0.62,8,0.5,628,38.98,913,56.67,47,2.92,817,50.71,794,49.29,104,6.53,255,16.02,175,10.99,719,45.16,49,3.08,12,0.75,17,16.2,65,69.89
2016-17,Educational Service District 112,08,Cowlitz,08401,Castle Rock School District,1282,18,1.4,6,0.47,4,0.31,10,0.78,2,0.16,107,8.35,1067,83.23,78,6.08,684,53.35,598,46.65,0,0,28,2.18,228,17.76,630,49.07,67,5.22,14,1.09,17,11.2,44,59.46
2016-17,Educational Service District 112,20,Klickitat,20215,Centerville School District,86,0,0,0,0,1,1.16,1,1.16,1,1.16,7,8.14,76,88.37,1,1.16,45,52.33,41,47.67,0,0,0,0,7,7.69,36,39.56,0,0,N<10,,17,24.1,4,80
2016-17,Olympic Educational Service District 114,18,Kitsap,18401,Central Kitsap School District,11111,45,0.41,543,4.89,141,1.27,684,6.16,354,3.19,1437,12.93,6661,59.95,1930,17.37,5712,51.41,5399,48.59,5,0.05,354,3.2,1627,14.72,3250,29.41,478,4.33,86,0.78,18,16.2,398,62.88
2016-17,Educational Service District 101,32,Spokane,32356,Central Valley School District,13564,135,1,215,1.59,121,0.89,336,2.48,226,1.67,1037,7.65,11250,82.94,580,4.28,7104,52.37,6460,47.63,0,0,495,3.63,1907,14,5020,36.84,498,3.65,148,1.09,16,14.3,583,70.84
2016-17,Capital Region ESD 113,21,Lewis,21401,Centralia School District,3606,20,0.55,22,0.61,7,0.19,29,0.8,30,0.83,1239,34.36,2136,59.23,132,3.66,1847,51.22,1759,48.78,99,2.72,454,12.49,608,16.73,2516,69.22,37,1.02,54,1.49,18,13.5,133,64.56
2016-17,Capital Region ESD 113,21,Lewis,21302,Chehalis School District,3070,21,0.68,36,1.17,6,0.2,42,1.37,59,1.92,586,19.09,2173,70.78,189,6.16,1684,54.85,1386,45.15,32,1.05,154,5.06,475,15.6,1384,45.47,29,0.95,29,0.95,17,16.4,128,70.72
2016-17,Educational Service District 101,32,Spokane,32360,Cheney School District,4696,84,1.79,85,1.81,32,0.68,117,2.49,80,1.7,480,10.22,3641,77.53,294,6.26,2480,52.81,2216,47.19,9,0.19,134,2.83,939,19.8,2215,46.70,139,2.93,75,1.58,16,12.5,202,66.89
2016-17,Educational Service District 101,33,Stevens,33036,Chewelah School District,799,4,0.5,5,0.63,1,0.13,6,0.75,6,0.75,24,3,733,91.74,26,3.25,422,52.82,377,47.18,0,0,0,0,108,13.64,455,57.45,11,1.39,19,2.4,17,17.8,33,68.75
2016-17,Olympic Educational Service District 114,16,Jefferson,16049,Chimacum School District,1060,12,1.13,13,1.23,1,0.09,14,1.32,7,0.66,87,8.21,858,80.94,82,7.74,547,51.6,513,48.4,4,0.38,13,1.22,143,13.44,494,46.43,36,3.38,10,0.94,16,14.8,37,54.41
2016-17,Educational Service District 123,02,Asotin,02250,Clarkston School District,2726,51,1.87,26,0.95,2,0.07,28,1.03,41,1.5,207,7.59,2282,83.71,117,4.29,1366,50.11,1360,49.89,0,0,29,1.08,411,15.29,1492,55.51,77,2.86,29,1.08,18,16.8,89,59.73
2016-17,Educational Service District 105,19,Kittitas,19404,Cle Elum-Roslyn School District,888,5,0.56,11,1.24,0,0,11,1.24,3,0.34,89,10.02,735,82.77,45,5.07,469,52.82,419,47.18,0,0,24,2.7,126,14.16,331,37.19,11,1.24,11,1.24,16,16.2,37,67.27
2016-17,Puget Sound Educational Service District 121,27,Pierce,27400,Clover Park School District,13157,65,0.49,548,4.17,609,4.63,1157,8.79,1630,12.39,4262,32.39,4307,32.74,1730,13.15,6808,51.74,6349,48.26,0,0,1553,12.1,2010,15.66,8239,64.20,154,1.2,115,0.9,18,11.5,486,66.67
2016-17,Educational Service District 101,38,Whitman,38300,Colfax School District,604,2,0.33,3,0.5,0,0,3,0.5,1,0.17,25,4.14,533,88.25,40,6.62,323,53.48,281,46.52,0,0,0,0,87,14.77,181,30.73,19,3.23,N<10,,15,14.4,35,89.74
2016-17,Educational Service District 123,36,Walla Walla,36250,College Place School District,1354,6,0.44,13,0.96,5,0.37,18,1.33,22,1.62,570,42.1,702,51.85,36,2.66,695,51.33,659,48.67,64,4.91,272,20.86,147,11.27,748,57.36,23,1.76,19,1.46,16,10.4,58,68.24
2016-17,Educational Service District 101,38,Whitman,38306,Colton School District,154,0,0,3,1.95,0,0,3,1.95,0,0,4,2.6,142,92.21,5,3.25,85,55.19,69,44.81,0,0,0,0,28,18.06,30,19.35,4,2.58,N<10,,10,16.8,15,93.75
2016-17,Educational Service District 101,33,Stevens,33206,Columbia (Stevens) School District,156,35,22.44,1,0.64,0,0,1,0.64,0,0,13,8.33,86,55.13,21,13.46,91,58.33,65,41.67,0,0,0,0,22,15.28,104,72.22,3,2.08,N<10,,9,19,10,58.82
2016-17,Educational Service District 123,36,Walla Walla,36400,Columbia (Walla Walla) School District,790,6,0.76,1,0.13,0,0,1,0.13,6,0.76,289,36.58,472,59.75,16,2.03,397,50.25,393,49.75,14,1.81,118,15.23,139,17.94,390,50.32,2,0.26,N<10,,15,14.8,38,73.08
2016-17,Educational Service District 101,33,Stevens,33115,Colville School District,1821,31,1.7,11,0.6,1,0.05,12,0.66,8,0.44,86,4.72,1604,88.08,80,4.39,910,49.97,911,50.03,0,0,25,1.37,315,17.22,904,49.43,11,0.6,28,1.53,17,16.4,78,72.9
2016-17,Office of Superintendent of Public Instruction,,,32931,Community Colleges of Spokane,0,0,0,0,0,0,0,0,0,0,0,0,0,0,0,0,0,0,0,0,0,0,0,0,0,0,0,0,0.00,0,0,N<10,,,0,0,
2016-17,Northwest Educational Service District 189,29,Skagit,29011,Concrete School District,556,16,2.88,3,0.54,1,0.18,4,0.72,0,0,49,8.81,480,86.33,7,1.26,291,52.34,265,47.66,0,0,0,0,83,15.17,345,63.07,6,1.1,N<10,,16,16.5,22,62.86
2016-17,Northwest Educational Service District 189,29,Skagit,29317,Conway School District,430,0,0,3,0.7,0,0,3,0.7,5,1.16,47,10.93,372,86.51,3,0.7,220,51.16,210,48.84,19,4.25,20,4.47,48,10.74,111,24.83,16,3.58,N<10,,17,16.6,21,84
2016-17,Capital Region ESD 113,14,Grays Harbor,14099,Cosmopolis School District,144,0,0,0,0,0,0,0,0,0,0,16,11.11,114,79.17,14,9.72,71,49.31,73,50.69,0,0,4,2.65,35,23.18,82,54.30,2,1.32,N<10,,12,14.3,7,58.33
2016-17,North Central Educational Service District 171,13,Grant,13151,Coulee-Hartline School District,158,0,0,0,0,0,0,0,0,1,0.63,8,5.06,147,93.04,2,1.27,91,57.59,67,42.41,0,0,0,0,18,11.32,60,37.74,0,0,N<10,,9,17.8,10,58.82
2016-17,Northwest Educational Service District 189,15,Island,15204,Coupeville School District,997,1,0.1,12,1.2,2,0.2,14,1.4,11,1.1,141,14.14,712,71.41,118,11.84,475,47.64,522,52.36,15,1.52,30,3.04,147,14.88,302,30.57,34,3.44,N<10,,16,14.9,49,77.78
2016-17,Olympic Educational Service District 114,05,Clallam,05313,Crescent School District,300,4,1.33,3,1,0,0,3,1,0,0,10,3.33,260,86.67,23,7.67,151,50.33,149,49.67,0,0,0,0,36,12.63,138,48.42,3,1.05,N<10,,12,10.2,12,48
2016-17,Educational Service District 101,22,Lincoln,22073,Creston School District,91,1,1.1,0,0,0,0,0,0,0,0,3,3.3,83,91.21,4,4.4,60,65.93,31,34.07,0,0,0,0,18,19.57,32,34.78,1,1.09,N<10,,7,13.7,10,76.92
2016-17,Educational Service District 101,10,Ferry,10050,Curlew School District,181,5,2.76,0,0,0,0,0,0,5,2.76,11,6.08,150,82.87,10,5.52,90,49.72,91,50.28,0,0,0,0,24,13.87,99,57.23,6,3.47,N<10,,11,15.9,12,75
2016-17,Educational Service District 101,26,Pend Oreille,26059,Cusick School District,240,72,30,3,1.25,0,0,3,1.25,0,0,18,7.5,111,46.25,36,15,132,55,108,45,0,0,0,0,37,16.52,144,64.29,10,4.46,N<10,,13,20,11,57.89
2016-17,Educational Service District 105,19,Kittitas,19007,Damman School District,34,0,0,0,0,0,0,0,0,1,2.94,0,0,28,82.35,5,14.71,20,58.82,14,41.18,0,0,0,0,5,14.71,0,0.00,0,0,N<10,,17,21,2,100
2016-17,Northwest Educational Service District 189,31,Snohomish,31330,Darrington School District,414,16,3.86,3,0.72,0,0,3,0.72,1,0.24,26,6.28,340,82.13,28,6.76,203,49.03,211,50.97,2,0.49,4,0.97,69,16.75,189,45.87,16,3.88,11,2.67,15,14.8,15,55.56
2016-17,Educational Service District 101,22,Lincoln,22207,Davenport School District,609,12,1.97,6,0.99,0,0,6,0.99,1,0.16,20,3.28,559,91.79,11,1.81,290,47.62,319,52.38,0,0,5,0.83,79,13.19,332,55.43,11,1.84,13,2.17,15,15.7,24,60
2016-17,Educational Service District 123,07,Columbia,07002,Dayton School District,427,11,2.58,7,1.64,0,0,7,1.64,1,0.23,64,14.99,334,78.22,10,2.34,215,50.35,212,49.65,0,0,4,0.95,61,14.42,225,53.19,13,3.07,N<10,,14,16.5,17,54.84
2016-17,Educational Service District 101,32,Spokane,32414,Deer Park School District,2520,61,2.42,13,0.52,2,0.08,15,0.6,36,1.43,130,5.16,2260,89.68,18,0.71,1309,51.94,1211,48.06,0,0,13,0.52,304,12.21,1101,44.22,106,4.26,41,1.65,18,14.4,94,67.63
2016-17,Puget Sound Educational Service District 121,27,Pierce,27343,Dieringer School District,1436,4,0.28,90,6.27,6,0.42,96,6.69,21,1.46,128,8.91,1053,73.33,134,9.33,749,52.16,687,47.84,3,0.21,50,3.43,180,12.35,160,10.97,64,4.39,N<10,,18,17.6,60,75
2016-17,Educational Service District 123,36,Walla Walla,36101,Dixie School District,23,1,4.35,0,0,0,0,0,0,0,0,0,0,22,95.65,0,0,10,43.48,13,56.52,0,0,0,0,4,23.53,16,94.12,0,0,N<10,,12,9.7,2,100
2016-17,Educational Service District 101,32,Spokane,32361,East Valley School District (Spokane),4238,48,1.13,53,1.25,47,1.11,100,2.36,54,1.27,419,9.89,3317,78.27,300,7.08,2185,51.56,2053,48.44,4,0.09,134,3.14,715,16.76,2187,51.28,138,3.24,59,1.38,17,15.3,174,68.5
2016-17,Educational Service District 105,39,Yakima,39090,East Valley School District (Yakima),3217,31,0.96,25,0.78,3,0.09,28,0.87,29,0.9,1526,47.44,1530,47.56,73,2.27,1672,51.97,1545,48.03,207,6.45,415,12.94,403,12.56,1797,56.02,60,1.87,28,0.87,18,14.8,127,70.56
2016-17,North Central Educational Service District 171,09,Douglas,09206,Eastmont School District,6100,21,0.34,44,0.72,8,0.13,52,0.85,20,0.33,2791,45.75,3040,49.84,176,2.89,3123,51.2,2977,48.8,617,10.08,1154,18.84,722,11.79,3432,56.04,166,2.71,49,0.8,16,14,274,70.62
2016-17,Educational Service District 105,19,Kittitas,19028,Easton School District,113,5,4.42,0,0,0,0,0,0,2,1.77,30,26.55,72,63.72,4,3.54,48,42.48,65,57.52,0,0,12,10,15,12.5,75,62.50,0,0,N<10,,8,15.2,7,50
2016-17,Puget Sound Educational Service District 121,27,Pierce,27404,Eatonville School District,1956,15,0.77,13,0.66,9,0.46,22,1.12,12,0.61,134,6.85,1651,84.41,122,6.24,1000,51.12,956,48.88,0,0,10,0.5,227,11.29,805,40.03,82,4.08,24,1.19,18,13.8,71,65.74
2016-17,Northwest Educational Service District 189,31,Snohomish,31015,Edmonds School District,21212,101,0.48,2738,12.91,161,0.76,2899,13.67,1327,6.26,4303,20.29,10410,49.08,2172,10.24,11020,51.95,10192,48.05,23,0.11,2877,13.5,3151,14.78,7590,35.61,1227,5.76,157,0.74,18,14,781,67.85
2016-17,Educational Service District 105,19,Kittitas,19401,Ellensburg School District,3331,29,0.87,56,1.68,6,0.18,62,1.86,37,1.11,604,18.13,2544,76.37,55,1.65,1707,51.25,1624,48.75,35,1.04,243,7.21,488,14.49,1214,36.05,70,2.08,43,1.28,19,14.7,118,65.56
2016-17,Capital Region ESD 113,14,Grays Harbor,14068,Elma School District,1435,15,1.05,12,0.84,0,0,12,0.84,7,0.49,289,20.14,986,68.71,126,8.78,730,50.87,705,49.13,49,3.38,116,8,289,19.93,812,56.00,66,4.55,31,2.14,17,17.6,58,68.24
2016-17,Educational Service District 101,38,Whitman,38308,Endicott School District,100,0,0,0,0,0,0,0,0,0,0,6,6,90,90,4,4,61,61,39,39,2,2.02,3,3.03,10,10.1,63,63.64,0,0,N<10,,8,16,7,53.85
2016-17,North Central Educational Service District 171,04,Chelan,04127,Entiat School District,339,0,0,2,0.59,1,0.29,3,0.88,0,0,122,35.99,205,60.47,9,2.65,183,53.98,156,46.02,17,4.9,44,12.68,41,11.82,216,62.25,5,1.44,N<10,,14,16.7,19,79.17
2016-17,Puget Sound Educational Service District 121,17,King,17216,Enumclaw School District,4052,48,1.18,24,0.59,15,0.37,39,0.96,29,0.72,609,15.03,3163,78.06,164,4.05,2092,51.63,1960,48.37,2,0.05,237,5.83,670,16.47,1234,30.33,104,2.56,39,0.96,18,15.5,164,71.62
2016-17,North Central Educational Service District 171,13,Grant,13165,Ephrata School District,2500,3,0.12,18,0.72,1,0.04,19,0.76,13,0.52,776,31.04,1640,65.6,49,1.96,1297,51.88,1203,48.12,86,3.37,305,11.96,286,11.22,1387,54.39,80,3.14,15,0.59,17,14.3,106,70.2
2016-17,Educational Service District 112,06,Clark,06701,ESA 112,0,0,0,0,0,0,0,0,0,0,0,0,0,0,0,0,0,0,0,0,0,0,0,0,0,0,0,0,0.00,0,0,N<10,,,0,0,
2016-17,Capital Region ESD 113,21,Lewis,21036,Evaline School District,51,0,0,0,0,0,0,0,0,0,0,7,13.73,42,82.35,2,3.92,30,58.82,21,41.18,0,0,2,3.77,13,24.53,29,54.72,0,0,N<10,,13,8.1,3,75
2016-17,Northwest Educational Service District 189,31,Snohomish,31002,Everett School District,20255,111,0.55,2683,13.25,275,1.36,2958,14.6,842,4.16,3760,18.56,11076,54.68,1508,7.45,10356,51.13,9899,48.87,24,0.12,2637,13.04,2784,13.76,7611,37.63,498,2.46,125,0.62,19,14.6,664,63.18
2016-17,Educational Service District 112,06,Clark,06114,Evergreen School District (Clark),26142,135,0.52,1665,6.37,489,1.87,2154,8.24,726,2.78,5677,21.72,15327,58.63,2123,8.12,13513,51.69,12629,48.31,36,0.14,3547,13.55,3615,13.81,12004,45.86,597,2.28,151,0.58,17,12.8,1133,73.96
2016-17,Educational Service District 101,33,Stevens,33205,Evergreen School District (Stevens),28,9,32.14,0,0,0,0,0,0,0,0,0,0,13,46.43,6,21.43,14,50,14,50,0,0,0,0,3,10.34,18,62.07,0,0,N<10,,9,17.3,2,66.67
2016-17,Office of Superintendent of Public Instruction,17,King,17906,Excel Public Charter School LEA,187,0,0,16,8.56,2,1.07,18,9.63,58,31.02,17,9.09,67,35.83,27,14.44,108,57.75,79,42.25,0,0,20,12.66,21,13.29,74,46.84,10,6.33,N<10,,17,2.2,5,45.45
2016-17,Puget Sound Educational Service District 121,17,King,17210,Federal Way School District,23024,116,0.5,2580,11.21,1211,5.26,3791,16.47,3018,13.11,6754,29.33,6481,28.15,2864,12.44,11878,51.59,11146,48.41,31,0.13,4676,20.14,3274,14.1,13808,59.47,532,2.29,188,0.81,18,11.4,849,64.76
2016-17,Northwest Educational Service District 189,37,Whatcom,37502,Ferndale School District,4810,411,8.54,162,3.37,9,0.19,171,3.56,49,1.02,908,18.88,2946,61.25,325,6.76,2483,51.62,2327,48.38,57,1.18,320,6.64,808,16.77,2178,45.21,222,4.61,92,1.91,18,15.4,171,64.53
2016-17,Puget Sound Educational Service District 121,27,Pierce,27417,Fife School District,3715,24,0.65,297,7.99,171,4.6,468,12.6,144,3.88,716,19.27,1841,49.56,522,14.05,1895,51.01,1820,48.99,0,0,424,11.35,421,11.27,1489,39.84,91,2.44,18,0.48,18,12.8,132,62.86
2016-17,Educational Service District 123,03,Benton,03053,Finley School District,929,2,0.22,4,0.43,0,0,4,0.43,5,0.54,415,44.67,469,50.48,34,3.66,499,53.71,430,46.29,38,4.11,162,17.51,138,14.92,676,73.08,23,2.49,11,1.19,16,17.8,36,63.16
2016-17,Puget Sound Educational Service District 121,27,Pierce,27402,Franklin Pierce School District,7827,76,0.97,485,6.2,448,5.72,933,11.92,788,10.07,2080,26.57,2819,36.02,1131,14.45,4001,51.12,3826,48.88,12,0.15,776,9.85,1162,14.75,5659,71.81,170,2.16,109,1.38,17,10.5,318,68.98
2016-17,Educational Service District 101,32,Spokane,32358,Freeman School District,879,6,0.68,13,1.48,2,0.23,15,1.71,12,1.37,46,5.23,782,88.96,18,2.05,472,53.7,407,46.3,0,0,4,0.45,102,11.54,189,21.38,79,8.94,N<10,,17,15.4,37,71.15
2016-17,Educational Service District 101,38,Whitman,38302,Garfield School District,116,1,0.86,0,0,0,0,0,0,0,0,5,4.31,108,93.1,2,1.72,61,52.59,55,47.41,0,0,0,0,25,22.94,47,43.12,3,2.75,N<10,,9,13.9,6,46.15
2016-17,Educational Service District 112,20,Klickitat,20401,Glenwood School District,75,3,4,0,0,0,0,0,0,1,1.33,12,16,47,62.67,12,16,42,56,33,44,0,0,0,0,8,11.59,28,40.58,0,0,N<10,,8,17.9,8,80
2016-17,Educational Service District 105,20,Klickitat,20404,Goldendale School District,944,42,4.45,8,0.85,1,0.11,9,0.95,5,0.53,145,15.36,704,74.58,39,4.13,500,52.97,444,47.03,28,2.94,26,2.73,136,14.27,520,54.56,54,5.67,16,1.68,15,15,44,72.13
2016-17,North Central Educational Service District 171,13,Grant,13301,Grand Coulee Dam School District,727,282,38.79,1,0.14,3,0.41,4,0.55,3,0.41,77,10.59,202,27.79,159,21.87,383,52.68,344,47.32,61,8.29,0,0,103,13.99,501,68.07,14,1.9,11,1.49,17,13.5,22,50
2016-17,Educational Service District 105,39,Yakima,39200,Grandview School District,3732,2,0.05,2,0.05,0,0,2,0.05,3,0.08,3443,92.26,271,7.26,11,0.29,1897,50.83,1835,49.17,383,10.24,1328,35.5,507,13.55,2866,76.61,39,1.04,18,0.48,19,10.7,93,47.94
2016-17,Educational Service District 105,39,Yakima,39204,Granger School District,1523,43,2.82,0,0,0,0,0,0,1,0.07,1412,92.71,49,3.22,18,1.18,790,51.87,733,48.13,263,17.46,556,36.92,221,14.67,1280,84.99,21,1.39,14,0.93,18,13.7,49,56.98
2016-17,Northwest Educational Service District 189,31,Snohomish,31332,Granite Falls School District,2058,48,2.33,11,0.53,4,0.19,15,0.73,34,1.65,188,9.14,1686,81.92,87,4.23,1096,53.26,962,46.74,0,0,58,2.74,404,19.12,927,43.87,49,2.32,31,1.47,18,14.1,69,61.06
2016-17,Capital Region ESD 113,23,Mason,23054,Grapeview School District,221,2,0.9,2,0.9,0,0,2,0.9,1,0.45,17,7.69,180,81.45,19,8.6,119,53.85,102,46.15,0,0,0,0,17,7.69,99,44.80,3,1.36,N<10,,16,11,11,78.57
2016-17,Educational Service District 101,32,Spokane,32312,Great Northern School District,48,1,2.08,0,0,0,0,0,0,0,0,0,0,45,93.75,2,4.17,26,54.17,22,45.83,0,0,0,0,10,20,11,22.00,0,0,N<10,,12,12.1,2,50
2016-17,Office of Superintendent of Public Instruction,,,17910,Green Dot Public Schools Seattle,0,0,0,0,0,0,0,0,0,0,0,0,0,0,0,0,0,0,0,0,0,0,0,0,0,0,0,0,0.00,0,0,N<10,,,0,0,
2016-17,Office of Superintendent of Public Instruction,27,Pierce,27904,Green Dot Public Schools Tacoma,270,7,2.59,5,1.85,11,4.07,16,5.93,73,27.04,69,25.56,60,22.22,45,16.67,139,51.48,131,48.52,0,0,10,4.05,51,20.65,199,80.57,4,1.62,N<10,,19,3.9,7,50
2016-17,Educational Service District 112,06,Clark,06103,Green Mountain School District,154,0,0,2,1.3,0,0,2,1.3,0,0,4,2.6,144,93.51,4,2.6,75,48.7,79,51.3,0,0,0,0,19,12.58,60,39.74,1,0.66,N<10,,15,11.6,7,70
2016-17,Capital Region ESD 113,34,Thurston,34324,Griffin School District,647,8,1.24,12,1.85,1,0.15,13,2.01,10,1.55,61,9.43,505,78.05,50,7.73,331,51.16,316,48.84,0,0,5,0.76,107,16.21,116,17.58,16,2.42,13,1.97,16,16.4,27,67.5
2016-17,Educational Service District 101,22,Lincoln,22204,Harrington School District,112,2,1.79,0,0,0,0,0,0,0,0,5,4.46,99,88.39,6,5.36,67,59.82,45,40.18,0,0,0,0,24,20,66,55.00,0,0,N<10,,9,17,9,69.23
2016-17,Educational Service District 105,39,Yakima,39203,Highland School District,1167,2,0.17,2,0.17,0,0,2,0.17,4,0.34,877,75.15,261,22.37,21,1.8,595,50.99,572,49.01,169,14.42,351,29.95,143,12.2,942,80.38,10,0.85,16,1.37,16,13.3,50,66.67
2016-17,Puget Sound Educational Service District 121,17,King,17401,Highline School District,19730,175,0.89,2803,14.21,848,4.3,3651,18.5,2706,13.72,7492,37.97,4532,22.97,1174,5.95,10291,52.16,9439,47.84,8,0.04,5300,26.94,3055,15.53,12400,63.04,335,1.7,189,0.96,18,9.8,744,66.73
2016-17,Educational Service District 112,06,Clark,06098,Hockinson School District,1878,10,0.53,44,2.34,1,0.05,45,2.4,16,0.85,89,4.74,1661,88.45,57,3.04,972,51.76,906,48.24,0,0,34,1.78,174,9.11,331,17.32,82,4.29,N<10,,18,12.3,73,70.87
2016-17,Capital Region ESD 113,23,Mason,23404,Hood Canal School District,325,87,26.77,1,0.31,0,0,1,0.31,0,0,39,12,149,45.85,49,15.08,170,52.31,155,47.69,38,12.06,6,1.9,60,19.05,248,78.73,9,2.86,26,8.25,14,12,11,45.83
2016-17,Capital Region ESD 113,14,Grays Harbor,14028,Hoquiam School District,1637,90,5.5,15,0.92,1,0.06,16,0.98,25,1.53,284,17.35,1131,69.09,91,5.56,851,51.99,786,48.01,20,1.21,65,3.92,305,18.4,1000,60.31,18,1.09,43,2.59,16,15,58,58
2016-17,Educational Service District 101,10,Ferry,10070,Inchelium School District,223,178,79.82,2,0.9,0,0,2,0.9,0,0,4,1.79,7,3.14,32,14.35,103,46.19,120,53.81,2,0.9,0,0,23,10.36,172,77.48,3,1.35,N<10,,12,10.3,10,52.63
2016-17,Northwest Educational Service District 189,31,Snohomish,31063,Index School District,36,0,0,0,0,0,0,0,0,0,0,0,0,33,91.67,3,8.33,16,44.44,20,55.56,0,0,0,0,7,21.88,9,28.13,2,6.25,N<10,,9,15.4,0,
2016-17,Puget Sound Educational Service District 121,17,King,17411,Issaquah School District,20450,45,0.22,5560,27.19,52,0.25,5612,27.44,355,1.74,1684,8.23,11292,55.22,1462,7.15,10413,50.92,10037,49.08,0,0,1363,6.63,1780,8.66,1658,8.06,868,4.22,50,0.24,19,10.6,727,68.91
2016-17,Educational Service District 123,11,Franklin,11056,Kahlotus School District,51,0,0,0,0,0,0,0,0,0,0,8,15.69,39,76.47,4,7.84,20,39.22,31,60.78,0,0,0,0,9,16.98,32,60.38,0,0,N<10,,5,16.3,9,81.82
2016-17,Educational Service District 112,08,Cowlitz,08402,Kalama School District,970,10,1.03,11,1.13,5,0.52,16,1.65,11,1.13,60,6.19,859,88.56,14,1.44,526,54.23,444,45.77,0,0,31,3.25,144,15.08,298,31.20,54,5.65,N<10,,19,12.8,35,67.31
2016-17,Educational Service District 101,10,Ferry,10003,Keller School District,28,27,96.43,0,0,0,0,0,0,0,0,0,0,0,0,1,3.57,14,50,14,50,1,3.33,0,0,4,13.33,19,63.33,0,0,N<10,,9,10.8,1,33.33
2016-17,Educational Service District 112,08,Cowlitz,08458,Kelso School District,5030,66,1.31,52,1.03,56,1.11,108,2.15,16,0.32,867,17.24,3662,72.8,311,6.18,2545,50.6,2485,49.4,17,0.34,314,6.24,632,12.56,2850,56.66,142,2.82,46,0.91,17,12.7,209,69.67
2016-17,Educational Service District 123,03,Benton,03017,Kennewick School District,18232,65,0.36,360,1.97,33,0.18,393,2.16,419,2.3,6541,35.88,10128,55.55,686,3.76,9519,52.21,8713,47.79,2059,11.19,2855,15.51,2332,12.67,9533,51.80,494,2.68,97,0.53,18,13.1,654,64.43
2016-17,Puget Sound Educational Service District 121,17,King,17415,Kent School District,27841,111,0.4,5170,18.57,741,2.66,5911,21.23,3253,11.68,6247,22.44,9665,34.71,2654,9.53,14445,51.88,13396,48.12,33,0.12,5608,20.1,3062,10.98,13373,47.94,1354,4.85,218,0.78,17,11.8,1047,65.03
2016-17,Educational Service District 101,33,Stevens,33212,Kettle Falls School District,972,18,1.85,6,0.62,3,0.31,9,0.93,8,0.82,73,7.51,822,84.57,42,4.32,479,49.28,493,50.72,0,0,1,0.1,146,14.85,466,47.41,30,3.05,N<10,,18,15.2,39,73.58
2016-17,Educational Service District 123,03,Benton,03052,Kiona-Benton City School District,1357,5,0.37,5,0.37,0,0,5,0.37,4,0.29,548,40.38,763,56.23,32,2.36,716,52.76,641,47.24,221,16.07,280,20.36,191,13.89,894,65.02,9,0.65,N<10,,15,16.2,63,68.48
2016-17,Educational Service District 105,19,Kittitas,19403,Kittitas School District,630,0,0,6,0.95,0,0,6,0.95,7,1.11,146,23.17,463,73.49,8,1.27,327,51.9,303,48.1,13,2.08,47,7.51,89,14.22,244,38.98,1,0.16,15,2.4,16,15.8,25,62.5
2016-17,Educational Service District 112,20,Klickitat,20402,Klickitat School District,73,0,0,0,0,0,0,0,0,0,0,2,2.74,64,87.67,7,9.59,42,57.53,31,42.47,0,0,0,0,7,9.21,51,67.11,0,0,N<10,,8,23.9,7,77.78
2016-17,Educational Service District 112,06,Clark,06101,La Center School District,1677,5,0.3,13,0.78,2,0.12,15,0.89,8,0.48,92,5.49,1520,90.64,37,2.21,872,52,805,48,5,0.29,36,2.11,226,13.26,386,22.65,53,3.11,N<10,,18,18.2,71,76.34
2016-17,Northwest Educational Service District 189,29,Skagit,29311,La Conner School District,577,217,37.61,6,1.04,1,0.17,7,1.21,2,0.35,55,9.53,271,46.97,25,4.33,291,50.43,286,49.57,106,18.31,8,1.38,86,14.85,311,53.71,14,2.42,N<10,,13,15.4,32,69.57
2016-17,Educational Service District 101,38,Whitman,38126,LaCrosse School District,60,1,1.67,1,1.67,0,0,1,1.67,0,0,2,3.33,52,86.67,4,6.67,27,45,33,55,0,0,0,0,9,15.79,19,33.33,0,0,N<10,,4,14.5,10,71.43
2016-17,North Central Educational Service District 171,04,Chelan,04129,Lake Chelan School District,1440,2,0.14,5,0.35,0,0,5,0.35,7,0.49,788,54.72,621,43.13,17,1.18,782,54.31,658,45.69,124,8.6,425,29.47,132,9.15,890,61.72,41,2.84,N<10,,16,14.4,57,62.64
2016-17,Capital Region ESD 113,14,Grays Harbor,14097,Lake Quinault School District,172,31,18.02,0,0,0,0,0,0,0,0,72,41.86,60,34.88,9,5.23,94,54.65,78,45.35,8,5.3,18,11.92,24,15.89,,>95%,0,0,N<10,,12,13.6,7,50
2016-17,Northwest Educational Service District 189,31,Snohomish,31004,Lake Stevens School District,8845,35,0.4,302,3.41,34,0.38,336,3.8,158,1.79,1192,13.48,6365,71.96,759,8.58,4622,52.26,4223,47.74,3,0.03,363,4.08,1470,16.51,2248,25.24,462,5.19,54,0.61,19,13.8,328,71
2016-17,Puget Sound Educational Service District 121,17,King,17414,Lake Washington School District,29124,60,0.21,7548,25.92,35,0.12,7583,26.04,487,1.67,3023,10.38,15754,54.09,2212,7.6,15047,51.67,14077,48.33,0,0,2963,10.12,3320,11.34,3300,11.27,1371,4.68,50,0.17,17,10.8,1049,62.78
2016-17,Northwest Educational Service District 189,31,Snohomish,31306,Lakewood School District,2408,22,0.91,42,1.74,32,1.33,74,3.07,40,1.66,383,15.91,1717,71.3,172,7.14,1258,52.24,1150,47.76,6,0.25,147,6.15,340,14.22,818,34.21,81,3.39,26,1.09,20,14.9,77,63.64
2016-17,Educational Service District 101,38,Whitman,38264,Lamont School District,29,0,0,0,0,0,0,0,0,0,0,2,6.9,26,89.66,1,3.45,13,44.83,16,55.17,0,0,0,0,3,9.68,19,61.29,3,9.68,N<10,,5,11.1,2,33.33
2016-17,Educational Service District 101,32,Spokane,32362,Liberty School District,467,2,0.43,4,0.86,0,0,4,0.86,3,0.64,37,7.92,408,87.37,13,2.78,255,54.6,212,45.4,0,0,4,0.83,61,12.66,178,36.93,21,4.36,N<10,,16,14.5,21,72.41
2016-17,Educational Service District 101,01,Adams,01158,Lind School District,204,0,0,5,2.45,0,0,5,2.45,0,0,69,33.82,127,62.25,3,1.47,102,50,102,50,27,15.34,29,16.48,23,13.07,112,63.64,2,1.14,N<10,,12,9.6,8,47.06
2016-17,Educational Service District 112,08,Cowlitz,08122,Longview School District,6826,89,1.3,116,1.7,33,0.48,149,2.18,73,1.07,1384,20.28,4620,67.68,511,7.49,3436,50.34,3390,49.66,34,0.5,387,5.66,1144,16.73,4139,60.55,182,2.66,89,1.3,18,13.2,253,66.75
2016-17,Educational Service District 101,33,Stevens,33183,Loon Lake School District,193,0,0,4,2.07,0,0,4,2.07,2,1.04,22,11.4,153,79.27,12,6.22,91,47.15,102,52.85,0,0,0,0,18,8.7,103,49.76,7,3.38,N<10,,15,10.5,8,61.54
2016-17,Northwest Educational Service District 189,28,San Juan,28144,Lopez School District,243,1,0.41,16,6.58,0,0,16,6.58,5,2.06,54,22.22,162,66.67,5,2.06,126,51.85,117,48.15,0,0,26,10.7,47,19.34,96,39.51,33,13.58,N<10,,11,11.2,16,69.57
2016-17,Office of Superintendent of Public Instruction,37,Whatcom,37903,Lummi Tribal Agency,294,258,87.76,0,0,1,0.34,1,0.34,0,0,13,4.42,5,1.7,17,5.78,167,56.8,127,43.2,10,3.51,0,0,40,14.04,265,92.98,1,0.35,N<10,,9,9.8,8,25.81
2016-17,Educational Service District 112,20,Klickitat,20406,Lyle School District,246,27,10.98,1,0.41,0,0,1,0.41,1,0.41,33,13.41,168,68.29,16,6.5,130,52.85,116,47.15,8,3.48,2,0.87,35,15.22,153,66.52,3,1.3,N<10,,16,13.4,7,46.67
2016-17,Northwest Educational Service District 189,37,Whatcom,37504,Lynden School District,3241,18,0.56,78,2.41,2,0.06,80,2.47,35,1.08,778,24,2200,67.88,130,4.01,1670,51.53,1571,48.47,74,2.27,328,10.07,532,16.33,1084,33.27,135,4.14,26,0.8,19,14,112,64
2016-17,Educational Service District 105,39,Yakima,39120,Mabton School District,912,3,0.33,0,0,0,0,0,0,0,0,890,97.59,19,2.08,0,0,446,48.9,466,51.1,190,21.37,375,42.18,107,12.04,774,87.06,12,1.35,N<10,,17,11.2,28,50.91
2016-17,North Central Educational Service District 171,09,Douglas,09207,Mansfield School District,102,6,5.88,3,2.94,0,0,3,2.94,1,0.98,25,24.51,63,61.76,4,3.92,52,50.98,50,49.02,3,3.16,10,10.53,14,14.74,65,68.42,0,0,N<10,,9,10,5,41.67
2016-17,North Central Educational Service District 171,04,Chelan,04019,Manson School District,673,9,1.34,3,0.45,0,0,3,0.45,3,0.45,448,66.57,208,30.91,2,0.3,355,52.75,318,47.25,36,5.45,276,41.75,99,14.98,485,73.37,9,1.36,N<10,,14,11.5,33,67.35
2016-17,Capital Region ESD 113,23,Mason,23311,Mary M Knight School District,528,7,1.33,6,1.14,0,0,6,1.14,31,5.87,59,11.17,378,71.59,47,8.9,266,50.38,262,49.62,0,0,0,0,109,15.75,200,28.90,40,5.78,N<10,,38,7,6,42.86
2016-17,Educational Service District 101,33,Stevens,33207,Mary Walker School District,545,69,12.66,1,0.18,0,0,1,0.18,1,0.18,50,9.17,371,68.07,53,9.72,304,55.78,241,44.22,0,0,9,1.66,79,14.6,420,77.63,12,2.22,14,2.59,16,17.7,22,64.71
2016-17,Northwest Educational Service District 189,31,Snohomish,31025,Marysville School District,11185,696,6.22,570,5.1,80,0.72,650,5.81,198,1.77,2481,22.18,5965,53.33,1195,10.68,5695,50.92,5490,49.08,172,1.54,959,8.58,1832,16.39,5199,46.50,208,1.86,259,2.32,19,14.6,349,60.38
2016-17,Capital Region ESD 113,14,Grays Harbor,14065,McCleary School District,334,4,1.2,4,1.2,2,0.6,6,1.8,6,1.8,14,4.19,291,87.13,13,3.89,177,52.99,157,47.01,0,0,3,0.87,50,14.49,195,56.52,7,2.03,N<10,,16,12.3,11,52.38
2016-17,Educational Service District 101,32,Spokane,32354,Mead School District,10101,49,0.49,91,0.9,96,0.95,187,1.85,138,1.37,599,5.93,8324,82.41,804,7.96,5158,51.06,4943,48.94,0,0,309,3.03,1449,14.19,2945,28.84,208,2.04,93,0.91,19,15.9,406,75.19
2016-17,Educational Service District 101,32,Spokane,32326,Medical Lake School District,1887,7,0.37,17,0.9,11,0.58,28,1.48,57,3.02,213,11.29,1423,75.41,159,8.43,1000,52.99,887,47.01,0,0,18,0.95,253,13.32,673,35.44,76,4,10,0.53,16,13.3,72,60.5
2016-17,Puget Sound Educational Service District 121,17,King,17400,Mercer Island School District,4465,9,0.2,897,20.09,7,0.16,904,20.25,47,1.05,195,4.37,2930,65.62,380,8.51,2386,53.44,2079,46.56,0,0,160,3.55,413,9.15,129,2.86,595,13.18,N<10,,18,11.9,177,71.08
2016-17,Northwest Educational Service District 189,37,Whatcom,37505,Meridian School District,1741,11,0.63,93,5.34,3,0.17,96,5.51,20,1.15,331,19.01,1216,69.84,67,3.85,911,52.33,830,47.67,46,2.62,155,8.81,208,11.82,638,36.27,60,3.41,15,0.85,18,14.3,49,51.58
2016-17,North Central Educational Service District 171,24,Okanogan,24350,Methow Valley School District,612,6,0.98,6,0.98,0,0,6,0.98,2,0.33,36,5.88,544,88.89,17,2.78,313,51.14,299,48.86,0,0,7,1.11,79,12.56,254,40.38,9,1.43,N<10,,13,12.3,37,80.43
2016-17,Educational Service District 112,30,Skamania,30031,Mill A School District,22,3,13.64,0,0,0,0,0,0,0,0,0,0,17,77.27,2,9.09,13,59.09,9,40.91,0,0,0,0,6,30,16,80.00,0,0,N<10,,7,8.6,1,33.33
2016-17,Northwest Educational Service District 189,31,Snohomish,31103,Monroe School District,7089,44,0.62,158,2.23,16,0.23,174,2.45,83,1.17,1474,20.79,4957,69.93,357,5.04,3604,50.84,3485,49.16,24,0.34,587,8.37,839,11.96,1735,24.73,234,3.34,47,0.67,22,12.8,218,66.67
2016-17,Capital Region ESD 113,14,Grays Harbor,14066,Montesano School District,1403,21,1.5,13,0.93,0,0,13,0.93,0,0,155,11.05,1128,80.4,84,5.99,731,52.1,672,47.9,0,0,22,1.59,195,14.05,468,33.72,55,3.96,14,1.01,18,16.3,57,71.25
2016-17,Capital Region ESD 113,21,Lewis,21214,Morton School District,328,4,1.22,3,0.91,0,0,3,0.91,4,1.22,38,11.59,261,79.57,18,5.49,159,48.48,169,51.52,0,0,0,0,54,16.12,225,67.16,8,2.39,N<10,,17,14.5,10,52.63
2016-17,North Central Educational Service District 171,13,Grant,13161,Moses Lake School District,8627,31,0.36,67,0.78,4,0.05,71,0.82,100,1.16,4023,46.63,4189,48.56,213,2.47,4373,50.69,4254,49.31,357,4.13,1333,15.43,1164,13.48,5413,62.67,191,2.21,94,1.09,19,14.8,291,65.25
2016-17,Capital Region ESD 113,21,Lewis,21206,Mossyrock School District,526,10,1.9,3,0.57,4,0.76,7,1.33,4,0.76,138,26.24,365,69.39,2,0.38,277,52.66,249,47.34,40,7.49,59,11.05,112,20.97,325,60.86,1,0.19,N<10,,16,14.6,19,57.58
2016-17,Educational Service District 105,39,Yakima,39209,Mount Adams School District,934,496,53.1,0,0,0,0,0,0,0,0,349,37.37,42,4.5,47,5.03,488,52.25,446,47.75,92,9.73,156,16.49,150,15.86,849,89.75,66,6.98,12,1.27,14,10.5,28,41.79
2016-17,Northwest Educational Service District 189,37,Whatcom,37507,Mount Baker School District,1934,109,5.64,16,0.83,4,0.21,20,1.03,11,0.57,234,12.1,1428,73.84,132,6.83,1038,53.67,896,46.33,12,0.64,89,4.72,348,18.45,968,51.33,51,2.7,25,1.33,16,13,70,56.91
2016-17,Educational Service District 112,30,Skamania,30029,Mount Pleasant School District,63,0,0,0,0,0,0,0,0,0,0,8,12.7,52,82.54,3,4.76,36,57.14,27,42.86,0,0,2,3.28,7,11.48,9,14.75,0,0,N<10,,11,5.9,4,66.67
2016-17,Northwest Educational Service District 189,29,Skagit,29320,Mount Vernon School District,6664,29,0.44,126,1.89,46,0.69,172,2.58,64,0.96,3701,55.54,2557,38.37,141,2.12,3328,49.94,3336,50.06,856,12.9,1580,23.81,897,13.52,4113,61.97,203,3.06,40,0.6,16,12,260,61.76
2016-17,Office of Superintendent of Public Instruction,17,King,17903,Muckleshoot Indian Tribe,464,441,95.04,0,0,0,0,0,0,2,0.43,9,1.94,2,0.43,10,2.16,238,51.29,226,48.71,5,1.06,0,0,95,20.21,383,81.49,7,1.49,34,7.23,9,13.9,24,47.06
2016-17,Northwest Educational Service District 189,31,Snohomish,31006,Mukilteo School District,15550,51,0.33,2286,14.7,165,1.06,2451,15.76,1034,6.65,4440,28.55,6099,39.22,1475,9.49,8095,52.06,7455,47.94,11,0.07,3180,20.56,2206,14.26,7373,47.66,460,2.97,73,0.47,18,13.5,576,65.23
2016-17,Educational Service District 105,39,Yakima,39003,Naches Valley School District,1350,6,0.44,5,0.37,0,0,5,0.37,7,0.52,293,21.7,996,73.78,43,3.19,692,51.26,658,48.74,37,2.76,88,6.57,152,11.34,636,47.46,35,2.61,21,1.57,17,13.6,54,67.5
2016-17,Capital Region ESD 113,21,Lewis,21014,Napavine School District,812,2,0.25,4,0.49,0,0,4,0.49,3,0.37,109,13.42,656,80.79,38,4.68,442,54.43,370,45.57,0,0,26,3.17,114,13.89,361,43.97,1,0.12,N<10,,16,16.1,33,66
2016-17,Educational Service District 112,25,Pacific,25155,Naselle-Grays River Valley School District,454,6,1.32,6,1.32,5,1.1,11,2.42,26,5.73,57,12.56,343,75.55,11,2.42,276,60.79,178,39.21,45,10.11,20,4.49,71,15.96,187,42.02,14,3.15,N<10,,15,17.1,21,70
2016-17,North Central Educational Service District 171,24,Okanogan,24014,Nespelem School District,138,123,89.13,0,0,0,0,0,0,0,0,4,2.9,3,2.17,8,5.8,80,57.97,58,42.03,12,9.3,0,0,35,27.13,,>95%,0,0,11,8.53,12,14.7,5,41.67
2016-17,Educational Service District 101,26,Pend Oreille,26056,Newport School District,1093,6,0.55,6,0.55,2,0.18,8,0.73,1,0.09,62,5.67,960,87.83,56,5.12,588,53.8,505,46.2,0,0,6,0.54,173,15.56,669,60.16,41,3.69,32,2.88,16,14.7,45,64.29
2016-17,Educational Service District 101,32,Spokane,32325,Nine Mile Falls School District,1445,19,1.31,7,0.48,4,0.28,11,0.76,11,0.76,81,5.61,1237,85.61,86,5.95,733,50.73,712,49.27,7,0.49,2,0.14,243,17.05,398,27.93,11,0.77,N<10,,16,16.8,59,66.29
2016-17,Northwest Educational Service District 189,37,Whatcom,37506,Nooksack Valley School District,1731,67,3.87,16,0.92,1,0.06,17,0.98,8,0.46,572,33.04,978,56.5,89,5.14,895,51.7,836,48.3,90,5.23,242,14.05,314,18.23,887,51.51,91,5.28,36,2.09,16,13.6,71,65.74
2016-17,Capital Region ESD 113,14,Grays Harbor,14064,North Beach School District,674,94,13.95,10,1.48,1,0.15,11,1.63,14,2.08,70,10.39,436,64.69,49,7.27,359,53.26,315,46.74,3,0.46,10,1.52,134,20.33,460,69.80,28,4.25,16,2.43,16,14.8,15,36.59
2016-17,Educational Service District 123,11,Franklin,11051,North Franklin School District,2156,0,0,24,1.11,0,0,24,1.11,5,0.23,1539,71.38,566,26.25,22,1.02,1146,53.15,1010,46.85,566,26.02,735,33.79,332,15.26,1595,73.33,34,1.56,11,0.51,16,10.5,77,57.04
2016-17,Olympic Educational Service District 114,18,Kitsap,18400,North Kitsap School District,6021,288,4.78,178,2.96,22,0.37,200,3.32,54,0.9,794,13.19,3995,66.35,688,11.43,3055,50.74,2966,49.26,62,1.02,214,3.54,883,14.59,1833,30.29,203,3.35,93,1.54,17,15.2,232,67.25
2016-17,Olympic Educational Service District 114,23,Mason,23403,North Mason School District,2208,24,1.09,15,0.68,12,0.54,27,1.22,14,0.63,449,20.34,1538,69.66,156,7.07,1132,51.27,1076,48.73,17,0.76,223,10.02,298,13.39,1162,52.22,84,3.78,25,1.12,17,13.8,83,63.36
2016-17,Capital Region ESD 113,25,Pacific,25200,North River School District,60,1,1.67,0,0,0,0,0,0,6,10,13,21.67,40,66.67,0,0,32,53.33,28,46.67,0,0,5,7.81,12,18.75,40,62.50,0,0,N<10,,5,12.9,4,36.36
2016-17,Capital Region ESD 113,34,Thurston,34003,North Thurston Public Schools,14936,186,1.25,998,6.68,361,2.42,1359,9.1,743,4.97,2883,19.3,7653,51.24,2112,14.14,7746,51.86,7190,48.14,21,0.14,792,5.26,2033,13.49,6189,41.07,636,4.22,132,0.88,16,13.2,646,70.68
2016-17,Educational Service District 101,33,Stevens,33211,Northport School District,233,4,1.72,5,2.15,2,0.86,7,3,1,0.43,29,12.45,187,80.26,5,2.15,121,51.93,112,48.07,0,0,0,0,24,10.26,139,59.40,2,0.85,N<10,,12,11.3,11,55
2016-17,Puget Sound Educational Service District 121,17,King,17417,Northshore School District,21912,70,0.32,3692,16.85,51,0.23,3743,17.08,416,1.9,2746,12.53,13048,59.55,1889,8.62,11288,51.52,10624,48.48,1,0,1715,7.76,2947,13.34,3063,13.86,0,0,73,0.33,18,13.5,867,70.09
2016-17,Northwest Educational Service District 189,15,Island,15201,Oak Harbor School District,5913,19,0.32,421,7.12,49,0.83,470,7.95,256,4.33,931,15.74,3570,60.38,667,11.28,3076,52.02,2837,47.98,12,0.2,221,3.69,957,15.98,2221,37.08,200,3.34,34,0.57,18,12.9,227,68.79
2016-17,Educational Service District 101,38,Whitman,38324,Oakesdale School District,111,0,0,0,0,0,0,0,0,0,0,8,7.21,103,92.79,0,0,54,48.65,57,51.35,0,0,0,0,14,12.5,36,32.14,0,0,N<10,,10,17.4,8,72.73
2016-17,Capital Region ESD 113,14,Grays Harbor,14400,Oakville School District,225,49,21.78,0,0,1,0.44,1,0.44,0,0,35,15.56,121,53.78,19,8.44,117,52,108,48,0,0,4,1.66,62,25.73,168,69.71,5,2.07,N<10,,12,9.6,14,73.68
2016-17,Educational Service District 112,25,Pacific,25101,Ocean Beach School District,1034,16,1.55,10,0.97,1,0.1,11,1.06,3,0.29,185,17.89,756,73.11,63,6.09,549,53.09,485,46.91,54,5.15,60,5.73,223,21.28,653,62.31,35,3.34,10,0.95,18,13.6,38,65.52
2016-17,Capital Region ESD 113,14,Grays Harbor,14172,Ocosta School District,618,24,3.88,5,0.81,0,0,5,0.81,4,0.65,120,19.42,408,66.02,57,9.22,321,51.94,297,48.06,41,6.81,59,9.8,109,18.11,437,72.59,11,1.83,N<10,,13,15,31,67.39
2016-17,Educational Service District 101,22,Lincoln,22105,Odessa School District,235,5,2.13,0,0,0,0,0,0,4,1.7,27,11.49,199,84.68,0,0,131,55.74,104,44.26,3,1.24,0,0,28,11.57,107,44.21,24,9.92,N<10,,11,18.2,16,76.19
2016-17,North Central Educational Service District 171,24,Okanogan,24105,Okanogan School District,1132,106,9.36,5,0.44,1,0.09,6,0.53,4,0.35,306,27.03,644,56.89,66,5.83,585,51.68,547,48.32,45,3.91,126,10.94,149,12.93,638,55.38,17,1.48,12,1.04,19,16.2,48,78.69
2016-17,Capital Region ESD 113,34,Thurston,34111,Olympia School District,10116,59,0.58,729,7.21,24,0.24,753,7.44,237,2.34,1094,10.81,6943,68.63,1029,10.17,5255,51.95,4861,48.05,17,0.17,239,2.36,1476,14.57,2823,27.86,242,2.39,73,0.72,17,15,413,70.24
2016-17,North Central Educational Service District 171,24,Okanogan,24019,Omak School District,5419,442,8.16,193,3.56,62,1.14,255,4.71,348,6.42,623,11.5,3598,66.4,153,2.82,2624,48.42,2795,51.58,40,0.77,191,3.65,808,15.46,1790,34.25,238,4.55,50,0.96,23,14.1,173,73
2016-17,Capital Region ESD 113,21,Lewis,21300,Onalaska School District,791,5,0.63,4,0.51,0,0,4,0.51,0,0,89,11.25,659,83.31,34,4.3,410,51.83,381,48.17,2,0.24,38,4.65,124,15.18,458,56.06,16,1.96,N<10,,17,14.1,31,65.96
2016-17,Educational Service District 101,33,Stevens,33030,Onion Creek School District,40,0,0,0,0,0,0,0,0,0,0,2,5,33,82.5,5,12.5,23,57.5,17,42.5,0,0,0,0,6,16.22,33,89.19,0,0,N<10,,10,17.6,3,75
2016-17,Northwest Educational Service District 189,28,San Juan,28137,Orcas Island School District,797,4,0.5,18,2.26,3,0.38,21,2.63,16,2.01,75,9.41,632,79.3,49,6.15,380,47.68,417,52.32,0,0,40,4.91,79,9.69,204,25.03,12,1.47,N<10,,15,12.8,32,59.26
2016-17,Educational Service District 101,32,Spokane,32123,Orchard Prairie School District,85,0,0,0,0,0,0,0,0,2,2.35,6,7.06,77,90.59,0,0,40,47.06,45,52.94,0,0,0,0,8,9.09,4,4.55,0,0,N<10,,12,10.6,4,57.14
2016-17,Educational Service District 101,10,Ferry,10065,Orient School District,47,1,2.13,2,4.26,0,0,2,4.26,0,0,2,4.26,41,87.23,1,2.13,26,55.32,21,44.68,0,0,0,0,10,25,19,47.50,0,0,N<10,,9,24.9,4,80
2016-17,North Central Educational Service District 171,09,Douglas,09013,Orondo School District,195,0,0,0,0,0,0,0,0,0,0,175,89.74,20,10.26,0,0,95,48.72,100,51.28,43,22.87,92,48.94,26,13.83,152,80.85,0,0,N<10,,14,11.1,10,71.43
2016-17,North Central Educational Service District 171,24,Okanogan,24410,Oroville School District,587,10,1.7,6,1.02,2,0.34,8,1.36,2,0.34,222,37.82,329,56.05,16,2.73,304,51.79,283,48.21,49,8.38,91,15.56,95,16.24,396,67.69,8,1.37,N<10,,15,16.4,23,57.5
2016-17,Puget Sound Educational Service District 121,27,Pierce,27344,Orting School District,2611,12,0.46,34,1.3,7,0.27,41,1.57,31,1.19,358,13.71,1946,74.53,223,8.54,1338,51.24,1273,48.76,0,0,40,1.55,373,14.44,831,32.17,102,3.95,24,0.93,21,12,74,58.73
2016-17,Educational Service District 123,01,Adams,01147,Othello School District,4366,0,0,9,0.21,0,0,9,0.21,4,0.09,3882,88.91,455,10.42,16,0.37,2284,52.31,2082,47.69,511,11.65,1830,41.71,571,13.02,3582,81.65,71,1.62,11,0.25,21,11.5,134,63.81
2016-17,North Central Educational Service District 171,09,Douglas,09102,Palisades School District,28,0,0,0,0,0,0,0,0,0,0,21,75,7,25,0,0,19,67.86,9,32.14,3,11.11,15,55.56,7,25.93,22,81.48,0,0,N<10,,9,6.9,0,
2016-17,Educational Service District 101,38,Whitman,38301,Palouse School District,189,1,0.53,0,0,0,0,0,0,0,0,14,7.41,166,87.83,8,4.23,92,48.68,97,51.32,0,0,0,0,25,12.82,62,31.79,0,0,N<10,,12,19.7,9,56.25
2016-17,Educational Service District 123,11,Franklin,11001,Pasco School District,17878,16,0.09,179,1,31,0.17,210,1.17,218,1.22,12637,70.68,4345,24.3,452,2.53,9194,51.43,8684,48.57,1279,7.18,6464,36.28,2411,13.53,13103,73.53,223,1.25,90,0.51,17,10.5,648,60.17
2016-17,North Central Educational Service District 171,24,Okanogan,24122,Pateros School District,311,0,0,2,0.64,0,0,2,0.64,0,0,177,56.91,123,39.55,9,2.89,162,52.09,149,47.91,26,8.33,43,13.78,64,20.51,210,67.31,0,0,N<10,,13,15.9,17,70.83
2016-17,Educational Service District 123,03,Benton,03050,Paterson School District,139,1,0.72,0,0,0,0,0,0,0,0,66,47.48,72,51.8,0,0,80,57.55,59,42.45,18,12.95,36,25.9,14,10.07,,>95%,0,0,N<10,,15,12.3,5,55.56
2016-17,Capital Region ESD 113,21,Lewis,21301,Pe Ell School District,277,2,0.72,1,0.36,0,0,1,0.36,1,0.36,20,7.22,239,86.28,14,5.05,143,51.62,134,48.38,0,0,0,0,47,17.34,144,53.14,15,5.54,N<10,,14,18.1,18,90
2016-17,Puget Sound Educational Service District 121,27,Pierce,27401,Peninsula School District,9035,41,0.45,164,1.82,20,0.22,184,2.04,79,0.87,724,8.01,7226,79.98,781,8.64,4600,50.91,4435,49.09,0,0,141,1.55,1243,13.62,2379,26.08,318,3.49,49,0.54,19,15.2,340,70.1
2016-17,Capital Region ESD 113,23,Mason,23402,Pioneer School District,734,16,2.18,1,0.14,0,0,1,0.14,8,1.09,99,13.49,567,77.25,43,5.86,395,53.81,339,46.19,0,0,17,2.33,108,14.77,488,66.76,23,3.15,22,3.01,15,13.2,31,63.27
2016-17,Educational Service District 123,12,Garfield,12110,Pomeroy School District,308,0,0,4,1.3,0,0,4,1.3,0,0,25,8.12,272,88.31,7,2.27,160,51.95,148,48.05,3,0.91,6,1.83,59,17.99,168,51.22,5,1.52,N<10,,13,20.9,19,82.61
2016-17,Olympic Educational Service District 114,05,Clallam,05121,Port Angeles School District,3816,193,5.06,62,1.62,8,0.21,70,1.83,28,0.73,326,8.54,2789,73.09,410,10.74,1931,50.6,1885,49.4,2,0.05,43,1.13,577,15.2,1937,51.03,112,2.95,78,2.05,16,15.5,161,67.08
2016-17,Olympic Educational Service District 114,16,Jefferson,16050,Port Townsend School District,1179,14,1.19,25,2.12,5,0.42,30,2.54,13,1.1,92,7.8,968,82.1,62,5.26,587,49.79,592,50.21,2,0.17,28,2.36,200,16.89,546,46.11,24,2.03,N<10,,15,14.3,64,80
2016-17,Educational Service District 123,36,Walla Walla,36402,Prescott School District,288,0,0,0,0,0,0,0,0,1,0.35,240,83.33,47,16.32,0,0,142,49.31,146,50.69,18,6.72,100,37.31,33,12.31,244,91.04,2,0.75,N<10,,14,14.9,9,42.86
2016-17,Office of Superintendent of Public Instruction,32,Spokane,32907,PRIDE Prep Charter School District,242,9,3.72,2,0.83,1,0.41,3,1.24,22,9.09,10,4.13,176,72.73,22,9.09,143,59.09,99,40.91,0,0,0,0,42,18.1,122,52.59,7,3.02,N<10,,19,0.6,1,7.69
2016-17,Educational Service District 123,03,Benton,03116,Prosser School District,2781,13,0.47,38,1.37,3,0.11,41,1.47,16,0.58,1756,63.14,898,32.29,57,2.05,1395,50.16,1386,49.84,656,23.85,614,22.32,358,13.01,1858,67.54,45,1.64,N<10,,17,16.5,109,66.87
2016-17,Educational Service District 101,38,Whitman,38267,Pullman School District,2874,11,0.38,287,9.99,6,0.21,293,10.19,70,2.44,323,11.24,1975,68.72,202,7.03,1505,52.37,1369,47.63,0,0,171,5.9,322,11.12,860,29.70,141,4.87,27,0.93,20,11.8,95,64.63
2016-17,Puget Sound Educational Service District 121,27,Pierce,27003,Puyallup School District,22443,200,0.89,1119,4.99,291,1.3,1410,6.28,843,3.76,3672,16.36,13536,60.31,2782,12.4,11698,52.12,10745,47.88,18,0.08,1135,5.01,2941,12.98,7290,32.17,1302,5.75,225,0.99,20,13.7,760,66.14
2016-17,Olympic Educational Service District 114,16,Jefferson,16020,Queets-Clearwater School District,22,15,68.18,0,0,0,0,0,0,0,0,0,0,1,4.55,6,27.27,8,36.36,14,63.64,0,0,0,0,10,30.3,,>95%,0,0,N<10,,7,18.4,2,66.67
2016-17,Olympic Educational Service District 114,16,Jefferson,16048,Quilcene School District,334,7,2.1,5,1.5,0,0,5,1.5,0,0,16,4.79,278,83.23,28,8.38,174,52.1,160,47.9,0,0,0,0,49,15.86,97,31.39,7,2.27,N<10,,11,10.9,19,61.29
2016-17,Office of Superintendent of Public Instruction,05,Clallam,05903,Quileute Tribal School District,60,48,80,0,0,0,0,0,0,1,1.67,5,8.33,4,6.67,1,1.67,35,58.33,25,41.67,0,0,0,0,21,34.43,,>95%,0,0,N<10,,9,9.4,6,85.71
2016-17,Olympic Educational Service District 114,05,Clallam,05402,Quillayute Valley School District,3080,128,4.16,50,1.62,16,0.52,66,2.14,95,3.08,658,21.36,1851,60.1,282,9.16,1382,44.87,1698,55.13,33,1.07,146,4.74,498,16.17,1753,56.93,30,0.97,26,0.84,38,13.3,52,63.41
2016-17,North Central Educational Service District 171,13,Grant,13144,Quincy School District,2991,1,0.03,3,0.1,0,0,3,0.1,7,0.23,2632,88,338,11.3,7,0.23,1506,50.35,1485,49.65,290,9.75,1252,42.1,390,13.11,2462,82.78,92,3.09,24,0.81,16,10.9,106,56.08
2016-17,Office of Superintendent of Public Instruction,17,King,17908,Rainier Prep Charter School District,251,1,0.4,27,10.76,2,0.8,29,11.55,81,32.27,104,41.43,16,6.37,20,7.97,129,51.39,122,48.61,0,0,56,23.14,23,9.5,191,78.93,4,1.65,N<10,,18,3.2,9,64.29
2016-17,Capital Region ESD 113,34,Thurston,34307,Rainier School District,815,5,0.61,6,0.74,2,0.25,8,0.98,4,0.49,80,9.82,660,80.98,58,7.12,416,51.04,399,48.96,0,0,4,0.47,117,13.81,390,46.04,21,2.48,19,2.24,17,13.4,33,67.35
2016-17,Capital Region ESD 113,25,Pacific,25116,Raymond School District,608,17,2.8,33,5.43,2,0.33,35,5.76,4,0.66,151,24.84,383,62.99,18,2.96,310,50.99,298,49.01,0,0,78,12.89,79,13.06,326,53.88,0,0,13,2.15,15,12.6,25,62.5
2016-17,Educational Service District 101,22,Lincoln,22009,Reardan-Edwall School District,571,22,3.85,0,0,0,0,0,0,0,0,24,4.2,495,86.69,30,5.25,287,50.26,284,49.74,0,0,9,1.57,67,11.67,204,35.54,21,3.66,N<10,,17,18,21,63.64
2016-17,Puget Sound Educational Service District 121,17,King,17403,Renton School District,15804,89,0.56,3970,25.12,143,0.9,4113,26.03,2433,15.39,3684,23.31,4207,26.62,1278,8.09,8113,51.34,7691,48.66,24,0.15,2861,17.85,2305,14.38,7978,49.77,714,4.45,120,0.75,19,10.7,567,67.66
2016-17,Educational Service District 101,10,Ferry,10309,Republic School District,376,17,4.52,5,1.33,0,0,5,1.33,2,0.53,19,5.05,299,79.52,34,9.04,205,54.52,171,45.48,0,0,0,0,41,10.35,212,53.54,15,3.79,10,2.53,15,16.4,17,68
2016-17,Educational Service District 123,03,Benton,03400,Richland School District,13536,63,0.47,505,3.73,26,0.19,531,3.92,280,2.07,2319,17.13,9763,72.13,580,4.28,6903,51,6633,49,121,0.89,622,4.58,1605,11.82,4739,34.91,22,0.16,42,0.31,20,13.1,489,70.46
2016-17,Educational Service District 112,06,Clark,06122,Ridgefield School District,2806,6,0.21,39,1.39,10,0.36,49,1.75,16,0.57,314,11.19,2259,80.51,162,5.77,1415,50.43,1391,49.57,7,0.25,92,3.26,324,11.47,640,22.65,110,3.89,21,0.74,22,13,99,76.74
2016-17,Educational Service District 101,01,Adams,01160,Ritzville School District,354,6,1.69,6,1.69,0,0,6,1.69,3,0.85,39,11.02,294,83.05,6,1.69,187,52.82,167,47.18,0,0,1,0.28,39,10.74,164,45.18,8,2.2,N<10,,15,15.4,17,70.83
2016-17,Educational Service District 101,32,Spokane,32416,Riverside School District,1484,40,2.7,8,0.54,4,0.27,12,0.81,7,0.47,75,5.05,1314,88.54,36,2.43,787,53.03,697,46.97,0,0,9,0.61,271,18.29,731,49.33,35,2.36,37,2.5,15,15.3,74,73.27
2016-17,Puget Sound Educational Service District 121,17,King,17407,Riverview School District,3355,14,0.42,87,2.59,9,0.27,96,2.86,19,0.57,426,12.7,2657,79.2,143,4.26,1668,49.72,1687,50.28,8,0.24,155,4.56,384,11.3,461,13.57,123,3.62,21,0.62,18,11.3,130,68.78
2016-17,Capital Region ESD 113,34,Thurston,34401,Rochester School District,2302,82,3.56,11,0.48,3,0.13,14,0.61,10,0.43,488,21.2,1560,67.77,148,6.43,1219,52.95,1083,47.05,31,1.35,134,5.84,382,16.66,1132,49.37,78,3.4,40,1.74,17,12.6,89,67.42
2016-17,Educational Service District 112,20,Klickitat,20403,Roosevelt School District,26,0,0,0,0,0,0,0,0,0,0,23,88.46,3,11.54,0,0,11,42.31,15,57.69,9,32.14,22,78.57,0,0,0,0.00,0,0,N<10,,13,2.5,0,
2016-17,Educational Service District 101,38,Whitman,38320,Rosalia School District,183,3,1.64,1,0.55,0,0,1,0.55,1,0.55,6,3.28,167,91.26,5,2.73,88,48.09,95,51.91,0,0,0,0,23,12.99,96,54.24,0,0,N<10,,10,15.5,15,78.95
2016-17,Educational Service District 105,13,Grant,13160,Royal School District,1759,3,0.17,1,0.06,0,0,1,0.06,1,0.06,1455,82.72,296,16.83,3,0.17,900,51.17,859,48.83,133,7.77,789,46.09,175,10.22,1346,78.62,131,7.65,N<10,,19,11.8,46,49.46
2016-17,Northwest Educational Service District 189,28,San Juan,28149,San Juan Island School District,825,5,0.61,13,1.58,1,0.12,14,1.7,3,0.36,143,17.33,620,75.15,40,4.85,410,49.7,415,50.3,13,1.55,33,3.94,128,15.29,349,41.70,10,1.19,N<10,,15,12.3,40,71.43
2016-17,Capital Region ESD 113,14,Grays Harbor,14104,Satsop School District,70,0,0,0,0,0,0,0,0,0,0,13,18.57,52,74.29,5,7.14,29,41.43,41,58.57,0,0,0,0,11,15.94,29,42.03,0,0,N<10,,14,22.8,3,60
2016-17,Puget Sound Educational Service District 121,17,King,17001,Seattle Public Schools,54265,346,0.64,7912,14.58,209,0.39,8121,14.97,8342,15.37,6643,12.24,25311,46.64,5502,10.14,27925,51.46,26340,48.54,155,0.28,6942,12.76,7976,14.66,18452,33.90,1606,2.95,334,0.61,16,10.9,2414,72.93
2016-17,Northwest Educational Service District 189,29,Skagit,29101,Sedro-Woolley School District,4436,101,2.28,38,0.86,10,0.23,48,1.08,32,0.72,886,19.97,3217,72.52,152,3.43,2258,50.9,2178,49.1,104,2.34,297,6.68,738,16.59,2208,49.64,144,3.24,60,1.35,16,13.4,172,62.09
2016-17,Educational Service District 105,39,Yakima,39119,Selah School District,3711,29,0.78,17,0.46,3,0.08,20,0.54,19,0.51,1050,28.29,2500,67.37,93,2.51,1908,51.41,1803,48.59,94,2.59,299,8.25,485,13.38,1683,46.44,42,1.16,27,0.75,17,13.3,134,59.82
2016-17,Educational Service District 101,26,Pend Oreille,26070,Selkirk School District,273,2,0.73,3,1.1,0,0,3,1.1,0,0,16,5.86,243,89.01,9,3.3,137,50.18,136,49.82,0,0,0,0,52,19.26,118,43.70,5,1.85,N<10,,12,14.2,11,50
2016-17,Olympic Educational Service District 114,05,Clallam,05323,Sequim School District,2862,51,1.78,44,1.54,7,0.24,51,1.78,14,0.49,332,11.6,2214,77.36,200,6.99,1461,51.05,1401,48.95,1,0.03,45,1.57,437,15.25,1195,41.70,37,1.29,24,0.84,17,14,113,65.32
2016-17,Northwest Educational Service District 189,28,San Juan,28010,Shaw Island School District,8,0,0,0,0,0,0,0,0,1,12.5,0,0,7,87.5,0,0,4,50,4,50,0,0,0,0,1,9.09,0,0.00,0,0,N<10,,8,8,0,
2016-17,Capital Region ESD 113,23,Mason,23309,Shelton School District,4393,148,3.37,25,0.57,8,0.18,33,0.75,25,0.57,1317,29.98,2575,58.62,292,6.65,2318,52.77,2075,47.23,64,1.44,633,14.28,768,17.32,2885,65.08,166,3.74,113,2.55,15,14.5,180,62.28
2016-17,Puget Sound Educational Service District 121,17,King,17412,Shoreline School District,9630,33,0.34,1290,13.4,55,0.57,1345,13.97,658,6.83,1217,12.64,5231,54.32,1146,11.9,5004,51.96,4626,48.04,1,0.01,714,7.39,1150,11.91,2466,25.53,646,6.69,44,0.46,17,13.5,387,69.48
2016-17,Educational Service District 112,30,Skamania,30002,Skamania School District,84,0,0,0,0,0,0,0,0,1,1.19,4,4.76,77,91.67,2,2.38,37,44.05,47,55.95,0,0,0,0,15,17.24,44,50.57,2,2.3,N<10,,17,18.2,2,40
2016-17,Puget Sound Educational Service District 121,17,King,17404,Skykomish School District,57,0,0,0,0,0,0,0,0,0,0,6,10.53,51,89.47,0,0,30,52.63,27,47.37,0,0,0,0,19,38.78,40,81.63,0,0,N<10,,5,13.2,6,54.55
2016-17,Northwest Educational Service District 189,31,Snohomish,31201,Snohomish School District,10146,55,0.54,415,4.09,15,0.15,430,4.24,86,0.85,1072,10.57,7911,77.97,592,5.83,5186,51.11,4960,48.89,81,0.8,362,3.56,1427,14.05,1870,18.41,669,6.58,71,0.7,20,14.3,354,69.41
2016-17,Puget Sound Educational Service District 121,17,King,17410,Snoqualmie Valley School District,7073,34,0.48,379,5.36,14,0.2,393,5.56,51,0.72,529,7.48,5698,80.56,368,5.2,3730,52.74,3343,47.26,0,0,170,2.4,817,11.54,698,9.86,412,5.82,27,0.38,18,11.5,265,66.25
2016-17,North Central Educational Service District 171,13,Grant,13156,Soap Lake School District,495,2,0.4,1,0.2,0,0,1,0.2,8,1.62,176,35.56,303,61.21,5,1.01,262,52.93,233,47.07,34,6.69,98,19.29,75,14.76,416,81.89,1,0.2,N<10,,15,11.2,16,47.06
2016-17,Office of Superintendent of Public Instruction,27,Pierce,27909,SOAR Academy Charter District,143,1,0.7,0,0,3,2.1,3,2.1,55,38.46,17,11.89,25,17.48,42,29.37,64,44.76,79,55.24,0,0,6,4.58,14,10.69,101,77.10,0,0,N<10,,20,0,3,42.86
2016-17,Capital Region ESD 113,25,Pacific,25118,South Bend School District,611,14,2.29,17,2.78,2,0.33,19,3.11,6,0.98,236,38.63,267,43.7,69,11.29,314,51.39,297,48.61,3,0.49,105,17.13,85,13.87,380,61.99,15,2.45,11,1.79,16,15.6,24,63.16
2016-17,Olympic Educational Service District 114,18,Kitsap,18402,South Kitsap School District,9899,98,0.99,293,2.96,149,1.51,442,4.47,122,1.23,1080,10.91,7003,70.74,1154,11.66,5155,52.08,4744,47.92,0,0,126,1.28,1518,15.39,3694,37.45,290,2.94,110,1.12,17,14.2,361,62.67
2016-17,Office of Superintendent of Public Instruction,17,King,17946,South Seattle Community College (CC Dist #6),0,0,0,0,0,0,0,0,0,0,0,0,0,0,0,0,0,0,0,0,0,0,0,0,0,0,0,0,0.00,0,0,N<10,,,0,0,
2016-17,Northwest Educational Service District 189,15,Island,15206,South Whidbey School District,1395,13,0.93,34,2.44,5,0.36,39,2.8,16,1.15,86,6.16,1186,85.02,55,3.94,689,49.39,706,50.61,0,0,5,0.36,193,13.91,373,26.89,50,3.6,17,1.23,18,20.3,58,73.42
2016-17,Capital Region ESD 113,23,Mason,23042,Southside School District,217,8,3.69,6,2.76,0,0,6,2.76,4,1.84,21,9.68,162,74.65,16,7.37,95,43.78,122,56.22,0,0,1,0.46,24,10.96,82,37.44,3,1.37,N<10,,20,10.8,7,63.64
2016-17,Office of Superintendent of Public Instruction,32,Spokane,32901,Spokane International Academy,263,3,1.14,4,1.52,0,0,4,1.52,8,3.04,29,11.03,186,70.72,33,12.55,112,42.59,151,57.41,0,0,4,1.59,22,8.73,105,41.67,6,2.38,N<10,,15,0.7,10,55.56
2016-17,Educational Service District 101,32,Spokane,32081,Spokane School District,30832,394,1.28,795,2.58,516,1.67,1311,4.25,946,3.07,3159,10.25,21018,68.17,4004,12.99,15892,51.54,14940,48.46,3,0.01,1867,6.06,5113,16.59,17473,56.70,1128,3.66,450,1.46,16,13.5,1366,69.38
2016-17,Educational Service District 101,22,Lincoln,22008,Sprague School District,75,1,1.33,1,1.33,0,0,1,1.33,0,0,5,6.67,68,90.67,0,0,31,41.33,44,58.67,0,0,0,0,12,16,47,62.67,8,10.67,N<10,,6,13.8,6,50
2016-17,Educational Service District 101,38,Whitman,38322,St. John School District,155,0,0,2,1.29,0,0,2,1.29,0,0,8,5.16,141,90.97,4,2.58,76,49.03,79,50.97,0,0,2,1.37,14,9.59,52,35.62,0,0,N<10,,9,16,7,41.18
2016-17,Northwest Educational Service District 189,31,Snohomish,31401,Stanwood-Camano School District,4598,43,0.94,55,1.2,18,0.39,73,1.59,35,0.76,422,9.18,3792,82.47,233,5.07,2380,51.76,2218,48.24,14,0.3,108,2.34,692,14.99,1169,25.32,144,3.12,36,0.78,19,16.3,185,76.76
2016-17,Educational Service District 123,11,Franklin,11054,Star School District No. 054,15,0,0,0,0,0,0,0,0,0,0,9,60,6,40,0,0,5,33.33,10,66.67,2,13.33,0,0,4,26.67,0,0.00,0,0,N<10,,8,11.3,1,50
2016-17,Educational Service District 123,07,Columbia,07035,Starbuck School District,25,0,0,0,0,0,0,0,0,0,0,0,0,25,100,0,0,9,36,16,64,0,0,0,0,1,5.88,0,0.00,0,0,N<10,,8,14.5,2,66.67
2016-17,North Central Educational Service District 171,04,Chelan,04069,Stehekin School District,6,0,0,0,0,0,0,0,0,0,0,0,0,6,100,0,0,1,16.67,5,83.33,0,0,0,0,0,0,0,0.00,0,0,N<10,,6,20,1,100
2016-17,Puget Sound Educational Service District 121,27,Pierce,27001,Steilacoom Hist. School District,3242,17,0.52,233,7.19,72,2.22,305,9.41,251,7.74,530,16.35,1616,49.85,523,16.13,1709,52.71,1533,47.29,0,0,98,3,430,13.16,676,20.69,110,3.37,16,0.49,19,13.3,122,72.19
2016-17,Educational Service District 101,38,Whitman,38304,Steptoe School District,43,2,4.65,0,0,0,0,0,0,0,0,4,9.3,37,86.05,0,0,18,41.86,25,58.14,0,0,0,0,5,14.71,0,0.00,0,0,N<10,,11,16.8,2,50
2016-17,Educational Service District 112,30,Skamania,30303,Stevenson-Carson School District,894,16,1.79,5,0.56,2,0.22,7,0.78,7,0.78,127,14.21,688,76.96,49,5.48,484,54.14,410,45.86,0,0,19,2.2,155,17.98,382,44.32,30,3.48,20,2.32,17,15.2,38,71.7
2016-17,Northwest Educational Service District 189,31,Snohomish,31311,Sultan School District,1991,20,1,29,1.46,1,0.05,30,1.51,26,1.31,379,19.04,1461,73.38,75,3.77,1049,52.69,942,47.31,8,0.4,162,8.11,361,18.08,1050,52.58,73,3.66,18,0.9,18,14.9,73,65.77
2016-17,Office of Superintendent of Public Instruction,27,Pierce,27905,Summit Public School: Olympus,134,3,2.24,6,4.48,3,2.24,9,6.72,26,19.4,37,27.61,42,31.34,17,12.69,68,50.75,66,49.25,0,0,10,8.62,18,15.52,75,64.66,0,0,N<10,,17,4.9,3,37.5
2016-17,Office of Superintendent of Public Instruction,17,King,17902,Summit Public School: Sierra,190,3,1.58,27,14.21,0,0,27,14.21,81,42.63,12,6.32,46,24.21,21,11.05,91,47.89,99,52.11,0,0,8,4.23,22,11.64,89,47.09,0,0,N<10,,17,4.8,7,63.64
2016-17,Educational Service District 101,33,Stevens,33202,Summit Valley School District,65,0,0,0,0,0,0,0,0,0,0,3,4.62,58,89.23,4,6.15,32,49.23,33,50.77,0,0,2,3.17,5,7.94,51,80.95,0,0,N<10,,13,12.8,2,40
2016-17,Puget Sound Educational Service District 121,27,Pierce,27320,Sumner School District,9608,71,0.74,183,1.9,32,0.33,215,2.24,96,1,1301,13.54,7083,73.72,842,8.76,4878,50.77,4730,49.23,0,0,335,3.47,1230,12.73,2891,29.93,406,4.2,89,0.92,19,12.8,341,67.52
2016-17,Educational Service District 105,39,Yakima,39201,Sunnyside School District,6836,1,0.01,1,0.01,0,0,1,0.01,5,0.07,6290,92.01,470,6.88,69,1.01,3531,51.65,3305,48.35,919,13.41,2253,32.89,989,14.44,5789,84.50,45,0.66,49,0.72,17,12.4,261,63.97
2016-17,Office of Superintendent of Public Instruction,18,Kitsap,18902,Suquamish Tribal Education Department,74,30,40.54,0,0,2,2.7,2,2.7,2,2.7,13,17.57,7,9.46,18,24.32,44,59.46,30,40.54,8,10.67,0,0,24,32,44,58.67,2,2.67,N<10,,7,5.7,3,30
2016-17,Puget Sound Educational Service District 121,27,Pierce,27010,Tacoma School District,28940,367,1.27,2785,9.62,822,2.84,3607,12.46,4791,16.55,5743,19.84,11657,40.28,2773,9.58,14786,51.09,14154,48.91,17,0.06,2969,10.31,4217,14.65,16708,58.03,1013,3.52,356,1.24,17,13.8,1092,63.41
2016-17,Capital Region ESD 113,14,Grays Harbor,14077,Taholah School District,170,129,75.88,0,0,0,0,0,0,0,0,23,13.53,0,0,18,10.59,92,54.12,78,45.88,5,2.99,0,0,34,20.36,108,64.67,0,0,10,5.99,8,12,5,22.73
2016-17,Puget Sound Educational Service District 121,17,King,17409,Tahoma School District,8346,25,0.3,359,4.3,67,0.8,426,5.1,159,1.91,814,9.75,6187,74.13,735,8.81,4352,52.14,3994,47.86,0,0,171,2.04,1042,12.44,947,11.30,418,4.99,47,0.56,20,15.1,317,75.3
2016-17,Educational Service District 101,38,Whitman,38265,Tekoa School District,195,9,4.62,0,0,0,0,0,0,2,1.03,17,8.72,165,84.62,2,1.03,98,50.26,97,49.74,0,0,2,1,47,23.5,103,51.50,0,0,N<10,,11,17.6,13,72.22
2016-17,Capital Region ESD 113,34,Thurston,34402,Tenino School District,1246,15,1.2,4,0.32,1,0.08,5,0.4,2,0.16,92,7.38,1077,86.44,55,4.41,680,54.57,566,45.43,4,0.32,12,0.95,174,13.73,591,46.65,16,1.26,20,1.58,17,13.2,48,64.86
2016-17,Educational Service District 105,19,Kittitas,19400,Thorp School District,142,2,1.41,0,0,0,0,0,0,0,0,9,6.34,126,88.73,5,3.52,76,53.52,66,46.48,0,0,0,0,23,16.91,61,44.85,2,1.47,N<10,,9,13.6,8,53.33
2016-17,Capital Region ESD 113,21,Lewis,21237,Toledo School District,783,17,2.17,6,0.77,1,0.13,7,0.89,4,0.51,77,9.83,642,81.99,36,4.6,418,53.38,365,46.62,0,0,16,2.02,129,16.27,376,47.41,10,1.26,N<10,,17,14.7,39,86.67
2016-17,North Central Educational Service District 171,24,Okanogan,24404,Tonasket School District,1177,9,0.76,2,0.17,1,0.08,3,0.25,3,0.25,435,36.96,681,57.86,46,3.91,616,52.34,561,47.66,168,14.45,170,14.62,134,11.52,738,63.46,14,1.2,13,1.12,17,14.1,45,63.38
2016-17,Educational Service District 105,39,Yakima,39202,Toppenish School District,4586,537,11.71,34,0.74,0,0,34,0.74,15,0.33,3296,71.87,666,14.52,38,0.83,2332,50.85,2254,49.15,751,16.27,1483,32.12,598,12.95,3641,78.86,78,1.69,49,1.06,22,10.7,123,60.29
2016-17,Educational Service District 123,36,Walla Walla,36300,Touchet School District,204,3,1.47,0,0,0,0,0,0,0,0,107,52.45,92,45.1,2,0.98,109,53.43,95,46.57,7,3.29,36,16.9,28,13.15,123,57.75,5,2.35,N<10,,11,21,13,68.42
2016-17,Educational Service District 112,08,Cowlitz,08130,Toutle Lake School District,658,6,0.91,6,0.91,0,0,6,0.91,3,0.46,47,7.14,572,86.93,24,3.65,350,53.19,308,46.81,0,0,0,0,79,11.86,243,36.49,17,2.55,N<10,,18,18.5,25,69.44
2016-17,Educational Service District 112,20,Klickitat,20400,Trout Lake School District,206,5,2.43,4,1.94,0,0,4,1.94,2,0.97,28,13.59,152,73.79,15,7.28,96,46.6,110,53.4,0,0,6,3.06,23,11.73,0,0.00,4,2.04,N<10,,11,13.7,13,72.22
2016-17,Puget Sound Educational Service District 121,17,King,17406,Tukwila School District,2990,28,0.94,842,28.16,110,3.68,952,31.84,586,19.6,866,28.96,360,12.04,198,6.62,1532,51.24,1458,48.76,4,0.14,1137,38.4,275,9.29,2150,72.61,33,1.11,24,0.81,17,10.9,125,71.43
2016-17,Capital Region ESD 113,34,Thurston,34033,Tumwater School District,6617,41,0.62,200,3.02,33,0.5,233,3.52,102,1.54,782,11.82,4836,73.08,622,9.4,3435,51.91,3182,48.09,0,0,174,2.62,863,12.98,1935,29.10,196,2.95,55,0.83,18,15,248,67.57
2016-17,Educational Service District 105,39,Yakima,39002,Union Gap School District,648,11,1.7,6,0.93,0,0,6,0.93,1,0.15,510,78.7,108,16.67,12,1.85,333,51.39,315,48.61,43,6.91,192,30.87,72,11.58,563,90.51,3,0.48,N<10,,18,12.1,17,47.22
2016-17,Puget Sound Educational Service District 121,27,Pierce,27083,University Place School District,5711,30,0.53,542,9.49,55,0.96,597,10.45,522,9.14,793,13.89,2814,49.27,955,16.72,2915,51.04,2796,48.96,1,0.02,321,5.61,658,11.49,2096,36.60,220,3.84,29,0.51,19,16,213,69.38
2016-17,Educational Service District 101,33,Stevens,33070,Valley School District,760,6,0.79,28,3.68,2,0.26,30,3.95,9,1.18,87,11.45,574,75.53,54,7.11,389,51.18,371,48.82,0,0,10,1.31,87,11.36,182,23.76,0,0,N<10,,19,13.5,25,64.1
2016-17,Educational Service District 112,06,Clark,06037,Vancouver School District,23860,125,0.52,773,3.24,460,1.93,1233,5.17,612,2.56,6161,25.82,13894,58.23,1835,7.69,12230,51.26,11630,48.74,58,0.24,3078,12.98,3134,13.22,11448,48.29,596,2.51,177,0.75,18,10.9,962,72.33
2016-17,Puget Sound Educational Service District 121,17,King,17402,Vashon Island School District,1620,5,0.31,35,2.16,1,0.06,36,2.22,13,0.8,189,11.67,1221,75.37,156,9.63,864,53.33,756,46.67,0,0,59,3.68,200,12.48,346,21.60,109,6.8,N<10,,16,11.9,71,71.72
2016-17,Educational Service District 112,35,Wahkiakum,35200,Wahkiakum School District,441,4,0.91,3,0.68,2,0.45,5,1.13,4,0.91,38,8.62,369,83.67,21,4.76,226,51.25,215,48.75,0,0,16,3.6,91,20.5,258,58.11,14,3.15,15,3.38,13,16.8,25,75.76
2016-17,Educational Service District 105,13,Grant,13073,Wahluke School District,2472,15,0.61,0,0,0,0,0,0,1,0.04,2368,95.79,83,3.36,5,0.2,1281,51.82,1191,48.18,703,29.86,1389,59.01,333,14.15,,>95%,33,1.4,N<10,,18,8.2,63,45.32
2016-17,Educational Service District 123,36,Walla Walla,36401,Waitsburg School District,299,1,0.33,5,1.67,0,0,5,1.67,0,0,39,13.04,241,80.6,13,4.35,166,55.52,133,44.48,0,0,7,2.29,47,15.36,154,50.33,0,0,N<10,,14,19,14,66.67
2016-17,Educational Service District 123,36,Walla Walla,36140,Walla Walla Public Schools,5872,27,0.46,73,1.24,11,0.19,84,1.43,52,0.89,2234,38.04,3273,55.74,202,3.44,2966,50.51,2906,49.49,78,1.34,722,12.36,812,13.9,3196,54.71,170,2.91,69,1.18,17,15.1,262,74.86
2016-17,Educational Service District 105,39,Yakima,39207,Wapato School District,3319,665,20.04,53,1.6,3,0.09,56,1.69,1,0.03,2389,71.98,103,3.1,105,3.16,1756,52.91,1563,47.09,743,22.19,1128,33.68,389,11.62,2952,88.15,27,0.81,46,1.37,17,10.9,102,53.4
2016-17,North Central Educational Service District 171,13,Grant,13146,Warden School District,997,0,0,2,0.2,0,0,2,0.2,4,0.4,804,80.64,177,17.75,10,1,482,48.35,515,51.65,223,22.5,317,31.99,151,15.24,815,82.24,14,1.41,N<10,,16,7.4,30,48.39
2016-17,Educational Service District 112,06,Clark,06112,Washougal School District,3257,16,0.49,44,1.35,7,0.21,51,1.57,22,0.68,327,10.04,2634,80.87,207,6.36,1686,51.77,1571,48.23,2,0.06,90,2.81,442,13.78,1093,34.07,116,3.62,32,1,17,12.4,120,63.16
2016-17,Educational Service District 101,01,Adams,01109,Washtucna School District,49,0,0,0,0,0,0,0,0,0,0,5,10.2,44,89.8,0,0,29,59.18,20,40.82,0,0,0,0,7,14.29,37,75.51,0,0,N<10,,4,16,7,53.85
2016-17,North Central Educational Service District 171,09,Douglas,09209,Waterville School District,278,8,2.88,1,0.36,0,0,1,0.36,0,0,65,23.38,196,70.5,8,2.88,135,48.56,143,51.44,15,5.36,21,7.5,48,17.14,154,55.00,3,1.07,N<10,,13,13,12,57.14
2016-17,Educational Service District 101,33,Stevens,33049,Wellpinit School District,411,268,65.21,1,0.24,1,0.24,2,0.49,3,0.73,34,8.27,50,12.17,54,13.14,233,56.69,178,43.31,2,0.48,0,0,57,13.64,321,76.79,3,0.72,25,5.98,12,13.1,21,61.76
2016-17,North Central Educational Service District 171,04,Chelan,04246,Wenatchee School District,7735,25,0.32,63,0.81,5,0.06,68,0.88,37,0.48,3901,50.43,3511,45.39,193,2.5,4022,52,3713,48,1263,16.35,1906,24.67,936,12.11,4224,54.67,374,4.84,50,0.65,16,13.7,302,62.27
2016-17,Educational Service District 101,32,Spokane,32363,West Valley School District (Spokane),3774,35,0.93,46,1.22,6,0.16,52,1.38,70,1.85,319,8.45,2985,79.09,313,8.29,1979,52.44,1795,47.56,0,0,83,2.19,592,15.62,1860,49.06,112,2.95,39,1.03,16,13.8,141,60.26
2016-17,Educational Service District 105,39,Yakima,39208,West Valley School District (Yakima),5245,48,0.92,127,2.42,11,0.21,138,2.63,38,0.72,1557,29.69,3283,62.59,181,3.45,2677,51.04,2568,48.96,48,0.89,359,6.66,756,14.02,2318,42.98,103,1.91,39,0.72,20,15,160,61.3
2016-17,Capital Region ESD 113,21,Lewis,21303,White Pass School District,429,5,1.17,0,0,0,0,0,0,5,1.17,28,6.53,386,89.98,5,1.17,216,50.35,213,49.65,0,0,0,0,86,20.43,274,65.08,7,1.66,N<10,,17,15.9,16,61.54
2016-17,Puget Sound Educational Service District 121,27,Pierce,27416,White River School District,3719,24,0.65,37,0.99,3,0.08,40,1.08,26,0.7,387,10.41,3045,81.88,197,5.3,1940,52.16,1779,47.84,0,0,84,2.24,534,14.26,1010,26.97,128,3.42,39,1.04,19,14.7,115,58.08
2016-17,Educational Service District 112,20,Klickitat,20405,White Salmon Valley School District,1297,10,0.77,6,0.46,1,0.08,7,0.54,2,0.15,428,33,814,62.76,36,2.78,694,53.51,603,46.49,26,1.99,191,14.64,219,16.78,572,43.83,16,1.23,12,0.92,18,15.9,54,75
2016-17,Educational Service District 101,22,Lincoln,22200,Wilbur School District,276,20,7.25,1,0.36,3,1.09,4,1.45,1,0.36,13,4.71,217,78.62,21,7.61,146,52.9,130,47.1,4,1.46,0,0,37,13.5,102,37.23,1,0.36,N<10,,13,16.2,15,68.18
2016-17,Capital Region ESD 113,25,Pacific,25160,Willapa Valley School District,338,2,0.59,2,0.59,0,0,2,0.59,0,0,45,13.31,273,80.77,16,4.73,166,49.11,172,50.89,1,0.3,5,1.48,58,17.16,162,47.93,6,1.78,N<10,,13,18,15,57.69
2016-17,North Central Educational Service District 171,13,Grant,13167,Wilson Creek School District,150,1,0.67,1,0.67,0,0,1,0.67,1,0.67,33,22,113,75.33,1,0.67,70,46.67,80,53.33,0,0,9,6.16,14,9.59,75,51.37,1,0.68,N<10,,11,21,12,85.71
2016-17,Capital Region ESD 113,21,Lewis,21232,Winlock School District,692,5,0.72,3,0.43,0,0,3,0.43,2,0.29,171,24.71,477,68.93,34,4.91,378,54.62,314,45.38,81,11.84,78,11.4,150,21.93,533,77.92,11,1.61,N<10,,17,16.7,30,73.17
2016-17,Capital Region ESD 113,14,Grays Harbor,14117,Wishkah Valley School District,163,0,0,0,0,0,0,0,0,1,0.61,2,1.23,160,98.16,0,0,75,46.01,88,53.99,0,0,0,0,17,10.37,84,51.22,0,0,N<10,,10,12.2,10,58.82
2016-17,Educational Service District 112,20,Klickitat,20094,Wishram School District,79,9,11.39,1,1.27,0,0,1,1.27,0,0,7,8.86,53,67.09,9,11.39,53,67.09,26,32.91,0,0,0,0,10,12.5,73,91.25,7,8.75,N<10,,9,21,6,66.67
2016-17,Educational Service District 112,08,Cowlitz,08404,Woodland School District,2260,12,0.53,13,0.58,1,0.04,14,0.62,19,0.84,443,19.6,1699,75.18,73,3.23,1189,52.61,1071,47.39,8,0.35,154,6.77,308,13.53,992,43.59,55,2.42,18,0.79,18,11.6,89,69.53
2016-17,Educational Service District 105,39,Yakima,39007,Yakima School District,16217,139,0.86,62,0.38,15,0.09,77,0.47,136,0.84,12654,78.03,2813,17.35,398,2.45,8218,50.68,7999,49.32,1928,11.98,5388,33.48,2256,14.02,11607,72.12,431,2.68,189,1.17,18,13.4,523,57.85
2016-17,Capital Region ESD 113,34,Thurston,34002,Yelm School District,5848,102,1.74,78,1.33,61,1.04,139,2.38,79,1.35,847,14.48,4063,69.48,618,10.57,3042,52.02,2806,47.98,27,0.47,145,2.51,800,13.85,2408,41.70,209,3.62,66,1.14,19,11.8,199,63.17
2016-17,Educational Service District 105,39,Yakima,39205,Zillah School District,1341,52,3.88,4,0.3,1,0.07,5,0.37,2,0.15,687,51.23,548,40.87,47,3.5,728,54.29,613,45.71,68,5.12,151,11.36,133,10.01,746,56.13,17,1.28,10,0.75,17,16.9,52,67.53
